title,url,likes_count
Qiitaã®ã‚¹ãƒ‘ãƒ ç‹©ã‚Šã‚’ã—ãŸã‚‰AutoMLã«ä»•äº‹ã‚’å¥ªã‚ã‚ŒãŸä»¶,https://qiita.com/dcm_chida/items/0b687fe42b932e090a36,942
ã€æ–°ç™ºè¦‹ã€‘ã€Œæœ€è¿‘ã¯ã„ã„ã­ã®ç²å¾—ãŒé›£ã—ããªã£ã¦ã„ã‚‹ã€ã¯æœ¬å½“ã‹ï¼Ÿ ã€œ Qiitaã®ã„ã„ã­ã‚’å¯è¦–åŒ–ã—ã¦åˆ†ã‹ã£ãŸ7ã¤ã®é©šæ„• ã€œ ,https://qiita.com/tag1216/items/f1dd895fe38b7a4a4e46,273
Ruby on Rails ã„ã„ã­æ©Ÿèƒ½ã®å®Ÿè£…ã¨è§£èª¬ï¼ˆRails Tutorial 14ç«  æ¼”ç¿’ã®æ©Ÿèƒ½æ‹¡å¼µï¼‰,https://qiita.com/jaramon/items/248bcb4b56e9fed8fc90,253
Pandasã‚’ä½¿ã£ãŸãƒ‡ãƒ¼ã‚¿åˆ†æã®å®Ÿè·µä¾‹ - ã‚„ã¯ã‚ŠQiitaã‚¢ãƒ‰ãƒ™ãƒ³ãƒˆã‚«ãƒ¬ãƒ³ãƒ€ãƒ¼ã®ã€Œä¼æ¥­ãƒ»å­¦æ ¡ãƒ»å›£ä½“ã€ã‚«ãƒ†ã‚´ãƒªãƒ¼ã«ã¯ãƒ˜ãƒ“ãƒ¼ãƒ©ã‚¤ã‚«ãƒ¼ãŒå¤šã‹ã£ãŸ,https://qiita.com/tag1216/items/85f6f91f8a1d40c3982b,247
åŒåƒšã®ã‚³ãƒ¼ãƒ‰ãƒ¬ãƒ“ãƒ¥ãƒ¼ã§ã“ã‚“ãªã«ã‚¯ãƒ©ã‚¹ã®è¨­è¨ˆãŒè‰¯ããªã£ãŸã¨ã„ã†è©±,https://qiita.com/y_hokkey/items/055e335b9d6d6f77c7ad,230
Qiita ã®ã€Œã„ã„ã­ï¼ã€ã¯ä½•ä»¶ã¨ã‚Œã°ã€Œã„ã„ã­ï¼ã€ãªã®ã‹æ¤œè¨¼ã—ã¦ã¿ãŸï¼,https://qiita.com/takubb/items/ed774e7b10a771676254,190
Nuxt.js ã‚’ç”¨ã„ãŸæ–°è¦äº‹æ¥­é–‹ç™ºã‚’åŠå¹´ä»¥ä¸ŠçµŒé¨“ã—ã¦å¾—ãŸçŸ¥è¦‹,https://qiita.com/y-temp4/items/b8cbedbd95163da82911,161
ã§ãã‚‹ã ã‘UIç³»ã®ãƒ©ã‚¤ãƒ–ãƒ©ãƒªã‚’ç”¨ã„ãªã„ã‚¢ãƒ‹ãƒ¡ãƒ¼ã‚·ãƒ§ãƒ³ã‚’ç››ã‚Šè¾¼ã‚“ã ã‚µãƒ³ãƒ—ãƒ«å®Ÿè£…ã¾ã¨ã‚ï¼ˆå‰ç·¨ï¼‰,https://qiita.com/fumiyasac@github/items/d1b56ffc6d7d46c0a616,158
é–¢é€£ãƒ¬ã‚³ãƒ¼ãƒ‰æ•°ã®é›†è¨ˆï¼ˆã‚«ã‚¦ãƒ³ã‚¿ãƒ¼ã‚­ãƒ£ãƒƒã‚·ãƒ¥ï¼‰,https://qiita.com/kanekomasanori@github/items/8155dff193e961828d02,156
GraphQL Mesh ã¯ä½•ã‚’è§£æ±ºã™ã‚‹ã®ã‹ï¼Ÿ ~ Qiita API ã‚’ GraphQL ã§ãƒ©ãƒƒãƒ—ã—ã¦ç†è§£ã™ã‚‹ GraphQL Mesh ~,https://qiita.com/G-awa/items/dba92983ba03ee8daec6,132
çµå±€Qiitaè¨˜äº‹ã£ã¦ã©ã‚Œãã‚‰ã„æ›¸ã‘ã°ã„ã„ã®ã•,https://qiita.com/canonno/items/57f917147b3d6ae106e9,127
ã¿ãªã•ã‚“ã€Œã„ã„ã­ã€ã¯æ¬²ã—ã„ã§ã™ã‹ï¼ŸQiitaã«ã¦ã€Œã„ã„ã­ã€ã‚’é ‚ã‘ã‚‹è¨˜äº‹ã¨ã¯ï¼Ÿã‚’åˆ†æã—ã¦ã¿ãŸã‚ˆ,https://qiita.com/phigasui/items/4ff61cfa3a6a32fd2121,124
Qiitaã®è¨˜äº‹ãƒ‡ãƒ¼ã‚¿ã¯ã€æ©Ÿæ¢°å­¦ç¿’ã®ãŸã‚ã®ãƒ‡ãƒ¼ã‚¿ã‚»ãƒƒãƒˆã«å‘ã„ã¦ã„ã‚‹,https://qiita.com/pocket_kyoto/items/64a5ae16f02023df883e,117
"Android + Kotlin 1.4ã®coroutines(Async, Await)ã§HTTPé€šä¿¡ã‚’éåŒæœŸå‡¦ç†",https://qiita.com/jonghyo/items/bf3e4e06022eebe8e3eb,112
å€‹äººé–‹ç™ºã§Firestoreã®ã‚»ã‚­ãƒ¥ãƒªãƒ†ã‚£ãƒ«ãƒ¼ãƒ«ã‚’é ‘å¼µã£ã¦æ›¸ã„ã¦ã¿ãŸã®ã§å°‘ã—å…¬é–‹ã™ã‚‹,https://qiita.com/akahori_ss/items/d8bf18902795585c8d57,111
Swiftã§async/awaitãªæ›¸ãæ–¹ã‚‚ã§ãã‚‹Promiseãƒ©ã‚¤ãƒ–ãƒ©ãƒªHydra,https://qiita.com/hachinobu/items/fb7b3e52a7b9ee430496,110
jqã‚’ä½¿ã£ã¦å°‘ã—è¤‡é›‘ãªæ¡ä»¶å¼ã§ãƒ•ã‚£ãƒ«ã‚¿ãƒªãƒ³ã‚°ã™ã‚‹æ–¹æ³•ã‚’ã¾ã¨ã‚ã¦ã¿ãŸ,https://qiita.com/ttiger55/items/150e9a18313a55841a32,96
gem Active Model Serializers ã®ãƒ‰ã‚­ãƒ¥ãƒ¡ãƒ³ãƒˆã‚’ç¿»è¨³ã—ã¾ã—ãŸ,https://qiita.com/ikamirin/items/be809c845f6104aa6f48,94
Laravelã§ã„ã„ã­æ©Ÿèƒ½ã‚’ä½œã£ã¦ã¿ãŸ,https://qiita.com/daijiro_ma/items/e2aa608a0b49cff10969,84
æ–‡ç« ã‹ã‚‰LGTMæ•°ã‚’äºˆæ¸¬ã—ã¦ã€Œãƒã‚ºã‚‹è¨˜äº‹ã€ã‚’åˆ¤åˆ¥ã—ã¦ã¿ãŸ,https://qiita.com/pyopp8128/items/2cb0edabaf94e9385871,83
"[ã‚¨ãƒ©ãƒ¼è§£æ±º] Error: Duplicate column name ''""ã€ã‚«ãƒ©ãƒ ã®é‡è¤‡ã€SQL",https://qiita.com/niyomong/items/22fa60657ea8ee478647,80
Firebase ã¨ Algolia Search ã‚’é€£æºã—ã¦æ¤œç´¢æ©Ÿèƒ½ã‚’å®Ÿè£…ã™ã‚‹ã,https://qiita.com/miuP/items/6ae39ec2c272514152c8,77
Deep Dive into Laravel Eloquent ORM,https://qiita.com/prograti/items/70aef5060eed98258a9b,74
ã‚°ãƒ©ãƒ•ãƒ‹ãƒ¥ãƒ¼ãƒ©ãƒ«ãƒãƒƒãƒˆãƒ¯ãƒ¼ã‚¯ã§Qiitaã®ã‚¿ã‚°ã¥ã‘ã‚’ãƒ¬ã‚³ãƒ¡ãƒ³ãƒ‰ã™ã‚‹,https://qiita.com/dcm_hashimotom/items/718cbea25d9b5e2c4e50,73
ã€Botã€‘æ¯æ—¥Slackã«è‰¯ã„è¨˜äº‹ã‚’å±Šã‘ã¦ãã‚Œã‚‹Daily Qiitaå›ã‚’ä½œã£ãŸ,https://qiita.com/yoshinori_hisakawa/items/6b37bc059e50eaa43436,72
[Rails]ã„ã„ã­æ©Ÿèƒ½ã®éåŒæœŸã§ã®å®Ÿè£…!!!,https://qiita.com/hayabusa3703/items/2b916e652a1dc85bb6e3,71
Railsã§ã„ã„ã­æ©Ÿèƒ½ã‚’å®Ÿè£…ã€‚Ajaxã‚’ä½¿ã„éåŒæœŸå¯¾å¿œã€‚ã§,https://qiita.com/shiro-kuro/items/f017dce3d199f06d1dcd,69
Advent Calendarã§çµ„ç¹”å†…éƒ¨ã§ã„ã„ã­ã‚’æŠ¼ã—ã‚ã£ã¦ã„ã‚‹é¸æ‰‹æ¨©ï¼ˆã‚³ãƒ¼ãƒ‰ã®ã¿ï¼‰,https://qiita.com/peisuke/items/0eb5fb3222927e9a655c,69
Excelã‹ã‚‰Elixirå…¥é–€â‘¤ï¼šWebã«ã‚°ãƒ©ãƒ•è¡¨ç¤º,https://qiita.com/piacerex/items/290b76b76d5ff8e019bf,67
Riverpodã‚’å­¦ã‚“ã§åˆå­¦è€…ã®å£ã‚’ã¶ã¡ç ´ã‚‹,https://qiita.com/taisei_dev/items/4c9d9572a56051a1d51f,66
ã‚¤ãƒ³ã‚¹ã‚¿ã‚°ãƒ©ãƒ ã®ã‚¿ã‚¤ãƒ ãƒ©ã‚¤ãƒ³çš„ãªã®ã‚’ã¤ãã‚‹,https://qiita.com/_carbonara_/items/d5991f80e14b06410e91,61
Rails + Vue.jsã§ã„ã„ã­æ©Ÿèƒ½ã‚’å®Ÿè£…ã™ã‚‹,https://qiita.com/TakeshiFukushima/items/a6c698fec648c11eee9a,60
Kotlinã§æ›¸ãAndroidã‚¢ãƒ—ãƒªãƒãƒ³ã‚ºã‚ªãƒ³,https://qiita.com/decoch/items/2f703f5b50653c194740,56
GASã§Qiita APIã‚’å©ã„ã¦çµæœã‚’Googleã‚¹ãƒ—ãƒ¬ãƒƒãƒ‰ã‚·ãƒ¼ãƒˆã«è‡ªå‹•å…¥åŠ›ã™ã‚‹æ‰‹é †ã‚’è©³ã—ããƒ¡ãƒ¢ã—ã¦ãŠã,https://qiita.com/kurarararara/items/09c47ee536d8c0199034,56
"Python, pandasã«ã‚ˆã‚‹ãƒ‡ãƒ¼ã‚¿åˆ†æã®å®Ÿè·µ ï¼ˆQiitaè¨˜äº‹ãƒ‡ãƒ¼ã‚¿ç·¨ï¼‰",https://qiita.com/nkmk/items/3387c6b560e36fa1066e,55
ã€Railsã€‘accepts_nested_attributes_forã‚’ä½¿ã£ã¦å­ãƒ¢ãƒ‡ãƒ«ã‚‚ä¸€ç·’ã«ä¿å­˜ã™ã‚‹,https://qiita.com/suzy1031/items/289333d3e440fc470d7e,54
ã€Railsã€‘Twitterã®ã„ã„ã­æ©Ÿèƒ½ã‚’éåŒæœŸã§å®Ÿè£…ã™ã‚‹æ–¹æ³•ã€Ajaxã€‘,https://qiita.com/mikan3rd/items/21d716026b51331e53a1,54
æ„å¤–ã¨ç°¡å˜ï¼Google Data Studio ã®ã‚³ãƒã‚¯ã‚¿ã®ä½œã‚Šæ–¹ï¼ˆQiitaã®ãƒ‡ãƒ¼ã‚¿ã‚’è¡¨ç¤ºã™ã‚‹ï¼‰,https://qiita.com/prograti/items/52eea1909afd7a5869c9,53
æ‡‡åˆ‡ä¸å¯§ï¼SoundCloud APIã‚’ä½¿ã†æ‰‹é † (2016å¹´å†¬ver.),https://qiita.com/eri/items/5a46a67a93b105eab811,49
ç‰¹å®šã®ãƒ„ã‚¤ãƒ¼ãƒˆã‚’ã„ã„ã­ã—ãŸã‚‰Slackã«è‡ªå‹•é€ä¿¡ã™ã‚‹Pythonã‚¹ã‚¯ãƒªãƒ—ãƒˆ,https://qiita.com/takaya901/items/c75d394c4ad37b1cbd59,49
Goè¨€èªã§APIã‚¯ãƒ©ã‚¤ã‚¢ãƒ³ãƒˆãƒ©ã‚¤ãƒ–ãƒ©ãƒªã‚’å®Ÿè£…ã™ã‚‹,https://qiita.com/maiyama18/items/fd382b1a85a7b5071840,49
éã‚¨ãƒ³ã‚¸ãƒ‹ã‚¢å‘ã‘ãƒ“ã‚¸ãƒã‚¹ã‚¢ã‚«ã‚¦ãƒ³ãƒˆç”¨InstagramAPIè§£èª¬,https://qiita.com/yukihirai0505/items/047de69e3e51698d0ba7,48
Server-Side-Swift Vaporã§APIã‚’ä½œã£ã¦å­¦ã‚“ã ã“ã¨ã¾ã¨ã‚,https://qiita.com/hirothings/items/a313b1cc02e06d33938f,47
Goã§è‡ªåˆ†ã®qiitaæŠ•ç¨¿è¨˜äº‹ä¸€è¦§ã‚’è¦‹ã‚Œã‚‹ã‚³ãƒãƒ³ãƒ‰ãƒ©ã‚¤ãƒ³ãƒ„ãƒ¼ãƒ«ã‚’ä½œã£ã¦ã¿ãŸã€‚,https://qiita.com/yujiteshima/items/3984930663200461ead8,45
Qiitaã®æŒ‡æ¨™ã‚’GASã§é›†è¨ˆã—ã¦Notion Chartsã§å¯è¦–åŒ–ã™ã‚‹,https://qiita.com/ryo2132/items/74a582aaa5b04d848654,42
ã€Qiitaã€‘10ä¸‡Contributionã„ã£ãŸã®ã§è¨˜éŒ²ã‚’è‰²ã€…ã¨å…¬é–‹ã—ã¦ã¿ã‚‹ã‚ˆ,https://qiita.com/rana_kualu/items/790d8777791d43f1cb95,42
Railsã§ã€ŒRatyã€ã‚’ä½¿ã£ãŸæ˜Ÿæ©Ÿèƒ½ã‚’ã¤ã‘ã‚‹,https://qiita.com/busitora2/items/5b59d1ea9e90c1b016b4,41
æ·±å±¤å­¦ç¿’ã‚’ä½¿ã£ãŸå›å¸°ãƒ¢ãƒ‡ãƒ«ã§Qiitaã®è¨˜äº‹åã‹ã‚‰ã„ã„ã­æ•°ã‚’äºˆæ¸¬ã—ã¦ã¿ãŸ,https://qiita.com/dcm_shiramizu/items/b128a0aad72578213158,40
The Nightmare Monkey before Christmas,https://qiita.com/Ets/items/c31be8235354a3e21945,38
ã€Railsã€‘ã„ã„ã­ãƒœã‚¿ãƒ³ã‚’ä½œã‚ã† part2/2,https://qiita.com/mohira/items/148c0f6ef89e8f62df72,38
"Qiitaã®è¨˜äº‹ãƒ‡ãƒ¼ã‚¿ã‚’Qiita API, Scrapyã§åé›†",https://qiita.com/nkmk/items/fbac13cd05b80334eb2b,38
ã€React / TypeScriptã€‘Recoil ã§ã®çŠ¶æ…‹ç®¡ç†ã‚µãƒ³ãƒ—ãƒ«ã‚¢ãƒ—ãƒª,https://qiita.com/tkmd35/items/b4630e53a907d96e3430,37
ã€Serverless Frameworkã€‘nodejsã§å§‹ã‚ã‚‹ã‚µãƒ¼ãƒãƒ¼ãƒ¬ã‚¹ãƒãƒ¥ãƒ¼ãƒˆãƒªã‚¢ãƒ«,https://qiita.com/kousaku-maron/items/c591a1245bdd69c0dad3,37
2å¹´ç›®ãƒ—ãƒ­ã‚°ãƒ©ãƒãŒQiitaã«é€±ä¸€æŠ•ç¨¿ã—ã¦1å¹´ãŒéãæ›´ã«1å¹´ãŒéãæ›´ã«1å¹´ãŒéãã¾ã—ãŸ,https://qiita.com/khsk/items/598a3a59f199ecead959,36
ã‚¨ãƒ³ã‚¸ãƒ‹ã‚¢ã¨åä¹—ã‚‹ã‹ã‚‰ã«ã¯ã€ãƒ–ãƒ­ã‚°ã®è‡ªå‹•æŠ•ç¨¿ãã‚‰ã„å®Ÿè£…ã—ã¦ã‚‹ã‚ˆãªğŸ˜‡ï¼Ÿ,https://qiita.com/virtual_techX/items/5179b73576d86a89868e,36
ä¾é ¼ã—ãŸã‚‰å‹æ‰‹ã«é éš”ãƒŠãƒ³ãƒ‘ã—ã¨ã„ã¦ãã‚Œã‚‹slack botã®é–‹ç™º,https://qiita.com/mukasun/items/d37adf96a6d8d5db8a09,35
ç°¡æ˜“ CQRS ã§ã€Œç”»é¢ã« ~~ ã‚‚è¡¨ç¤ºã—ãŸã„ã‚“ã ã‘ã©ã€ã«å¼·ã„ API ã‚’å®Ÿè£…,https://qiita.com/os1ma/items/b72f2b66f357d000eccd,34
Laravelã§ã„ã„ã­æ©Ÿèƒ½ã‚’å®Ÿè£…ã—ã‚ˆã†,https://qiita.com/phper_sugiyama/items/9a4088d1ca816a7e3f29,34
GraphQLã®ã‚¹ã‚­ãƒ¼ãƒå®šç¾©ã‚„ã‚¯ã‚¨ãƒªã‹ã‚‰å‹å®šç¾©ã€è‡ªå‹•ç”Ÿæˆã§ãã¾ã£ã›,https://qiita.com/yoshii0110/items/b461e608dc0cff78982e,34
Qiitaã„ã„ã­æ•°ãƒ©ãƒ³ã‚­ãƒ³ã‚°APIã®ä½œæˆ,https://qiita.com/zonbitamago/items/1027b532b174e5ee04b3,32
firestoreã§likeã‚„followã™ã‚‹éš›ã®ãƒ‡ãƒ¼ã‚¿æ§‹æˆ / firebaseã¨Nuxtã§webã‚µãƒ¼ãƒ“ã‚¹ã¤ãã£ãŸã®ã§ãã®firebaseã¾ã‚ã‚Š,https://qiita.com/uriuriuriu/items/e907375270c6d9095fb7,32
æœ€æ–°1ä¸‡ä»¶ã®å¹³å‡ã„ã„ã­æ•°ã¯4.66,https://qiita.com/Akira07/items/a816f295f6fa2670ce76,31
ã€rails/éåŒæœŸã€‘jsåˆå¿ƒè€…ãŒã„ã„ã­æ©Ÿèƒ½ã‚’React.jsã§å®Ÿè£…ã—ã¦ã¿ãŸã€‚ãã®â‘ ,https://qiita.com/ofuna/items/60aa3d7e36cf93e0d832,30
Swiftã§Qiitaã®APIã‚’è¡¨ç¤ºã•ã›ã‚‹ã€‚,https://qiita.com/dddisk/items/09b46c65434c117f1287,30
Android Jetpack ã‚’ãƒ•ãƒ«æ´»ç”¨ã—ã¦ã€Qiita ã® LGTM æ•°ã‚¼ãƒ­ã®è¨˜äº‹ã ã‘æ¤œç´¢ã§ãã‚‹ã‚¢ãƒ—ãƒªã‚’ä½œã£ãŸ,https://qiita.com/hiesiea/items/6c92f4b17eb825442c03,28
Laravelã¨jQueryã§éåŒæœŸå‡¦ç†ã§å®Ÿè£…ã™ã‚‹ã„ã„ã­æ©Ÿèƒ½ã‚’ä¸–ç•Œä¸€ã‚ã‹ã‚Šã‚„ã™ãè§£èª¬ã—ã¦ã¿ãŸã„,https://qiita.com/kakudaisuke/items/01816910b7b9ecba0486,28
"Laravelã®Seederã‚’åˆ©ç”¨ã—ã¦ã€ãƒ†ã‚¹ãƒˆãƒ‡ãƒ¼ã‚¿ã‚’ç”Ÿæˆã™ã‚‹æ–¹æ³•ï¼ˆ1å¯¾å¤š, å¤šå¯¾å¤šï¼‰",https://qiita.com/gyu_outputs/items/42db35ff3ccb8b758c90,28
ã€ç·ã¾ã¨ã‚ã€‘2022å¹´ã®Qiitaå…¨è¨˜äº‹ã‚’åˆ†æã—ã€ã„ã„ã­æ•°ã€ã‚¿ã‚°ã®ãƒˆãƒ¬ãƒ³ãƒ‰ã€è²¢çŒ®ãƒ¦ãƒ¼ã‚¶ãƒ¼ã‚’å¯è¦–åŒ–ã™ã‚‹ï¼,https://qiita.com/fujine/items/b030f0da3b52a6004a5b,28
Python ã¨ Qiita API v2 ã‚’ä½¿ã£ã¦æŠ•ç¨¿ä¸€è¦§ã‚’å–å¾—ã™ã‚‹,https://qiita.com/fkooo/items/250f42a0b641fb96b5ff,27
Python3ã‚’ä½¿ã£ãŸæ—¥æœ¬èªè‡ªç„¶è¨€èªå‡¦ç†(4)ãƒ­ã‚¸ã‚¹ãƒ†ã‚£ãƒƒã‚¯å›å¸°ã«ã‚ˆã‚‹æ„Ÿæƒ…åˆ†æ,https://qiita.com/asai0304/items/160905a2a33d222b87db,27
QiitaæŠ•ç¨¿ã®ã‚¹ãƒˆãƒƒã‚¯æ•°ãƒ»ã‚³ãƒ¡ãƒ³ãƒˆæ•°ãƒ»ãƒ„ã‚¤ãƒ¼ãƒˆæ•°ãƒ»ã¯ã¦ã¶æ•°ãƒ»ã„ã„ã­æ•°ãƒ»ãƒšãƒ¼ã‚¸ãƒ“ãƒ¥ãƒ¼æ•°ã‚’å–å¾—ã™ã‚‹,https://qiita.com/suin/items/ed0957dc45ecdcf3963c,26
Qiitaã®æŠ•ç¨¿è¨˜äº‹ã‹ã‚‰ãƒ‡ãƒ¼ã‚¿ã‚»ãƒƒãƒˆä½œã£ãŸ,https://qiita.com/dcm_chida/items/687654685dc434bdc9d4,26
Dependency Injection in MVVM Architecture with ReactiveCocoa Part 3: ãƒ¢ãƒ‡ãƒ«ã®è¨­è¨ˆ,https://qiita.com/yoichitgy/items/26d4e746516645df7a75,25
Railsã§Facebookãƒšãƒ¼ã‚¸ã«ã„ã„ã­ã—ãªã„ã¨è¦‹ã‚Œãªã„ã‚³ãƒ³ãƒ†ãƒ³ãƒ„ã‚’ä½œã‚‹æ–¹æ³•,https://qiita.com/FumiyaMizuguchi/items/0bdbe32b51193eff59b3,25
[Rails]ransackã§è©³ç´°æ¤œç´¢ãƒ•ã‚©ãƒ¼ãƒ ã‚’ä½œæˆã—ãŸãƒ¡ãƒ¢æ›¸ã,https://qiita.com/sew_sou19/items/bc819895921480e03c6e,25
Next.jsã«å…¥é–€ã—ãŸ,https://qiita.com/studio_haneya/items/738dda2a8f08ad7d82b1,24
ã€Railsã€‘æŠ•ç¨¿æ©Ÿèƒ½ã«å…¬é–‹ãƒ»éå…¬é–‹æ©Ÿèƒ½ã‚’è¿½åŠ ã—ãŸæ™‚ã®å®Ÿè£…æ‰‹é †,https://qiita.com/jungissei/items/d90bd0a62e8110197de0,24
ã€Qiita APIã€‘ã„ã„ã­ï¼é–²è¦§æ•°ã®è‡ªå‹•é›†è¨ˆ,https://qiita.com/knaot0/items/252c4b386aeafc0052ba,24
Railsã§Instagramã®ãƒãƒƒã‚·ãƒ¥ã‚¿ã‚°æ¤œç´¢ã‚’ä½œã‚‹,https://qiita.com/sleeping_tiger/items/898ec2178fccaeebd5b3,23
[Rails]Ajaxã‚’ç”¨ã„ã¦éåŒæœŸã§æŠ•ç¨¿æ©Ÿèƒ½ã¨ã„ã„ã­æ©Ÿèƒ½ã®å®Ÿè£…,https://qiita.com/bty__/items/78d8b52d33a12ec33448,23
Google+1ã®ã‚·ã‚§ã‚¢æ•°ã‚’ã‚¯ãƒ©ã‚¤ã‚¢ãƒ³ãƒˆã‚µã‚¤ãƒ‰ã ã‘ã§å–å¾— & Facebookã®ã‚·ã‚§ã‚¢æ•°ã®å–å¾—ã«é–¢ã™ã‚‹ç‰¹æ®Šãªäº‹æƒ… & ã¡ã‚‡ã£ã¨å®£ä¼,https://qiita.com/ktty1220/items/d1df9c66ca2663af03c7,23
AiScriptã§å›°ã£ãŸã¨ãã«è¦‹ã‚‹ãƒ¡ãƒ¢,https://qiita.com/saki-lere/items/851c4500d56659d15c9c,23
ã€Railsã€‘æŠ•ç¨¿ä¸€è¦§ã‚’ãƒ—ãƒ«ãƒ€ã‚¦ãƒ³ãƒœãƒƒã‚¯ã‚¹ã‚’ä½¿ã„ã€æ—¥ä»˜ã‚„ã„ã„ã­æ•°ã§ã‚½ãƒ¼ãƒˆã™ã‚‹,https://qiita.com/kurawo___D/items/7604f709a9ec28808540,23
ãƒãƒ¥ãƒ¼ãƒˆãƒªã‚¢ãƒ«ã‹ã‚‰Meteorã‚’å­¦ç¿’ã—ãŸãƒ¡ãƒ¢,https://qiita.com/rubytomato@github/items/d39b63a1bb1368238c7b,22
 SwiftUIã§æ›¸ãiOSã‚¢ãƒ—ãƒªãƒãƒ³ã‚ºã‚ªãƒ³ï¼ˆQiitaClientã‚’ä½œã£ã¦ã¿ã‚ˆã†ï¼‰,https://qiita.com/decoch/items/59b799594e216f822d35,22
Djangoã§ã„ã„ã­ï¼ã‚’ã¤ãã‚‹ 2023ãƒªãƒ•ã‚¡ã‚¯ã‚¿ãƒªãƒ³ã‚°ç‰ˆ,https://qiita.com/YoshitakaOkada/items/1eb1257b7c4aa286cc13,22
Rails: StimulusReflexã¨CableReadyã§ãƒãƒ£ãƒƒãƒˆæ©Ÿèƒ½ã‚’ä½œã£ã¦ã¿ã‚‹,https://qiita.com/kskinaba/items/e6480f0204a453db1ffe,21
ã€Qiita APIã€‘QiitaæŠ•ç¨¿è¨˜äº‹ã®ç·é–²è¦§æ•°çŸ¥ã‚ŠãŸããªã„ï¼Ÿ,https://qiita.com/mokio/items/12f7128c952fec6dec52,21
picoCTF 2019 write-up,https://qiita.com/kusano_k/items/0e9d29ee9f6bda614a1d,21
Lambda+DynamoDB+CloudWatchã§Qiitaã®ã„ã„ã­æ•°ç›£è¦–ã‚’è‡ªå‹•åŒ–ã—ã¦ã¿ã‚‹,https://qiita.com/n-tanimoto/items/a545ad55001d841d8739,21
é–¢æ•°å‹ã§ãƒ‡ãƒ¼ã‚¿ã‚µã‚¤ã‚¨ãƒ³ã‚¹#1ï¼šæ§˜ã€…ãªãƒ‡ãƒ¼ã‚¿ã‚’ã‚¤ãƒ³ãƒ—ãƒƒãƒˆã™ã‚‹,https://qiita.com/piacerex/items/f7077f0ff1b1a6c7a959,20
Qiita APIã‚’è§¦ã£ã¦ã¿ã‚‹,https://qiita.com/miyuki_samitani/items/bfe89abb039a07e652e6,20
Qiita APIã‚’Pythonã‹ã‚‰ä½¿ã£ã¦ã¿ã‚‹,https://qiita.com/sotoiwa/items/e2254893f5b0b92bb06e,20
Transformerç³»ç”»åƒèªè­˜ãƒ¢ãƒ‡ãƒ«è«–æ–‡ãƒªãƒ³ã‚¯é›†,https://qiita.com/T-STAR/items/d7a9e08caec5cd4c3f74,20
Qiitaã®è¨˜äº‹ä¸€è¦§ã‚’è¡¨ç¤ºã™ã‚‹ã ã‘ã®ã‚¹ãƒãƒ›ã‚¢ãƒ—ãƒªã‚’Ionicã§ã‚µã‚¯ãƒƒã¨ä½œã£ã¦ã¿ã‚‹,https://qiita.com/kijibato/items/cfe142ca6c053f567373,19
Qiitaè¨˜äº‹ãƒ‡ãƒ¼ã‚¿ã§æŠ€è¡“ã®å¯¿å‘½ã‚’åˆ†æã™ã‚‹ã€€ã€œã‚³ãƒ³ãƒ†ãƒ³ãƒ„ãƒ­ã‚°ã‚’ç”¨ã„ãŸç”Ÿå­˜æ™‚é–“åˆ†æã€œ,https://qiita.com/dcm_hashimotom/items/5ff105185bdc7b53ec41,19
ã€Swiftã€‘VIPERã¨RxSwiftã‚’ä½¿ã£ã¦ã‚µãƒ³ãƒ—ãƒ«ã‚’ä½œæˆã™ã‚‹,https://qiita.com/shiz/items/a256ba9e0ce6e5249e22,19
iOSã§Social.frameworkã‚’ä½¿ã£ã¦Facebookã®ã‚¤ã‚¤ã­ï¼ã‚’ã™ã‚‹,https://qiita.com/imaimiami/items/05d59070ec1d56574e2a,19
ãƒ†ãƒ¼ãƒã”ã¨ã«ã€ŒQiita Advent Calendarã€ã¸ã®æŠ•ç¨¿ã®ã„ã„ã­æ•°ã‚’é›†è¨ˆã—ã¦ãƒ©ãƒ³ã‚­ãƒ³ã‚°ã‚’è¡¨ç¤ºã™ã‚‹,https://qiita.com/ishikun/items/afdb347eda39bf85ef46,19
Qiitaã®è¨˜äº‹ã®â€å‹¢ã„â€ã‚’èª¿ã¹ã‚‹ã€€ï½ã‚‚ã—ã‹ã—ãŸã‚‰ã¾ã è¦‹ã¬æ˜ã‚Šå‡ºã—è¨˜äº‹ãŒè¦‹ã¤ã‹ã‚‹ã‹ã‚‚ï½,https://qiita.com/tishiyama/items/878db02f2095b6a5ce8b,19
å•é¡Œã§ã™ï¼ â‘ ã¨â‘¡ãŒåŒã˜ã ã£ã¦åˆ†ã‹ã‚Šã¾ã™ã‹ï¼Ÿï¼ˆã‚¯ãƒ©ã‚¹ãƒ»ã‚¤ãƒ³ã‚¹ã‚¿ãƒ³ã‚¹ãƒ»ãƒ¡ã‚½ãƒƒãƒ‰ãƒ»å¼•æ•°ã‚’å®Ÿè·µã§ç†è§£ã—ã‚ˆã†ï¼ï¼‰,https://qiita.com/miketa_webprgr/items/361d339d2739792457ab,19
ã€€[ã«ã˜ã•ã‚“ã˜çµ±è¨ˆå­¦]Google Apps Scriptã§ãƒ©ã‚¤ãƒãƒ¼ã®æƒ…å ±ã‚’åé›†ã™ã‚‹,https://qiita.com/ochaakino2/items/58ffbcf4048e8a0de24d,18
ã‚¢ãƒ‰ãƒ™ãƒ³ãƒˆã‚«ãƒ¬ãƒ³ãƒ€ãƒ¼ã®ã„ã„ã­ã‚’ã‚¹ã‚¯ãƒ¬ã‚¤ãƒ”ãƒ³ã‚°ã§æ•°ãˆã‚‹,https://qiita.com/sho0211/items/3456de1ca44e5216b7b3,18
PostgreSQLã§ãƒ’ã‚¹ãƒˆã‚°ãƒ©ãƒ ã£ã½ã„ã®ã‚’ä½œã‚‹,https://qiita.com/nuko_yokohama/items/8cfd9cd837cee170ba63,18
"ã€Qiita APIã€‘ã„ã‚ã‚“ãªæ–¹æ³•ã§ Viewsã€Likesã€Stocksã‚’å–å¾—ï¼ˆJavaScriptã€Google Scriptã€Python, Vue.jsï¼‰",https://qiita.com/yoshi_yast/items/a0dacc4dd33106e66752,18
ã€React / TypeScriptã€‘axios ã¨ QiitaAPI ã‚’ä½¿ã£ãŸã‚µãƒ³ãƒ—ãƒ«ã‚¢ãƒ—ãƒª,https://qiita.com/tkmd35/items/6ab8c4e6e37178f81472,17
ãã‹ã‚“ã—ã‚ƒãƒˆãƒ¼ãƒã‚¹ï¼ˆè‹±èªç‰ˆï¼‰æœ€é »å‡ºã‚­ãƒ¼ãƒ¯ãƒ¼ãƒ‰ã‚’åˆ†æã—ã¦ã¿ãŸ,https://qiita.com/kiyokoichi/items/6b94f2530dc20d3f32ec,17
ç¤¾å†…ISUCONã§å„ªå‹ã—ãŸæ™‚ã«ã‚„ã£ãŸã“ã¨,https://qiita.com/y-i/items/ab7d7ec0bed1d788e0be,17
åˆå¿ƒè€…å‘ã‘ã®è¨˜äº‹ã£ã¦å¤šã™ãã‚“ï¼Ÿï¼Ÿï¼ˆJavaScriptåˆå¿ƒè€…å‘ã‘QiitaAPIã§LGTMæ•°TOP10ã‚’å‡ºã—ã¦ã¿ã‚‹ï¼‰,https://qiita.com/kk_puruzera/items/20b5b6f4a960eb99bd32,17
å¼Šç¤¾ã‚¢ãƒ‰ãƒ™ãƒ³ãƒˆã‚«ãƒ¬ãƒ³ãƒ€ãƒ¼ã§ä¸€ç•ªã„ã„ã­ï¼ã‚’ç²å¾—ã—ãŸãƒ¦ãƒ¼ã‚¶ã¯èª°ã‹ï¼Ÿ,https://qiita.com/megurock/items/3b7fb338d18d11d5e70f,16
[SQL] SQLåˆå¿ƒè€…ã«ã‚ˆã‚‹SQLæ›¸ãæ–¹ã¾ã¨ã‚,https://qiita.com/maru401/items/b9a6a7219e605630374d,16
Qiitaã®æ–°ç€è¨˜äº‹ã‚’è¦‹ãŸã„ã€‚ãªã®ã§Qiita APIã‚’å©ã“ã†ã€‚,https://qiita.com/yyano/items/f8172f80cb93307af317,16
ãƒãƒªãƒ¢ãƒ¼ãƒ•ã‚£ãƒƒã‚¯é–¢é€£ã¨modelã®concernã§ã€Œã„ã„ã­ã€ã‚’ä½œã£ã¦ã¿ã‚‹,https://qiita.com/ken1flan/items/a803c7ac45db892ac5d5,16
Livebook ã¨ Exploler ã§ Qiita ã®è¨˜äº‹ãƒ‡ãƒ¼ã‚¿ã‚’è§£æã™ã‚‹,https://qiita.com/RyoWakabayashi/items/167d6b8c9215ade42346,15
MongoDB v4 explain çµæœã‚’ã¡ã‚ƒã‚“ã¨ç†è§£ã—ã¦ã‚¯ã‚¨ãƒªæ”¹å–„ (å‰åŠ:explainçµæœã®è¦‹æ–¹),https://qiita.com/koshilife/items/79a8d59fa0973c16de57,15
Twitterã„ã„ã­ç”»åƒå®šæœŸä¿å­˜Bot,https://qiita.com/hxbdy625/items/3806bdc2b36f64986119,15
Hotwireï¼ˆTurboï¼‰ã‚’è©¦ã™ ãã®2: Turbo Streamsã§ãƒšãƒ¼ã‚¸ã®ä¸€éƒ¨ã®å·®æ›¿ãƒ»è¿½åŠ ,https://qiita.com/kazutosato/items/74ab0a22d41cd8859fad,15
æœ€ã‚‚LGTMã‚’ç²å¾—ã—ãŸã®ã¯ã‚ã®è¨˜äº‹ï¼ãƒ—ãƒ­ãƒˆã‚¢ã‚¦ãƒˆã‚¹ã‚¿ã‚¸ã‚ª2021å¹´ã®ã‚¢ã‚¦ãƒˆãƒ—ãƒƒãƒˆã‚’æŒ¯ã‚Šè¿”ã‚‹,https://qiita.com/mitsuoka0423/items/34b59d52fe8139da0c2b,15
ã€åˆå¿ƒè€…ã€‘Amazon QuickSight ã‚’ä½¿ã£ã¦ã¿ã‚‹ï¼ˆè‡ªåˆ†ã®Qiitaè¨˜äº‹ã®Viewæ•°/LGTMæ•°ã®é›†è¨ˆã¨å¯è¦–åŒ–),https://qiita.com/mksamba/items/8e109628f4ed662ee2aa,14
Qiitaã®ã€Œã„ã„ã­ã€ãƒ¡ãƒ¼ã‚¿ãƒ¼ã‚’ä½œã‚‹,https://qiita.com/mitazet/items/30fb5183d98ed5aa64ef,14
Qiitaã«Elixirã‚¿ã‚°ä»˜ãã§ç™»éŒ²ã•ã‚Œã¦ã„ã‚‹è¨˜äº‹ã‚’Elixirã§å–å¾—ã™ã‚‹ã“ã¨ã‚’æ¥½ã—ã‚€,https://qiita.com/torifukukaiou/items/38493ca50c57d88a65fb,14
Power BI Desktop ã§ Qiita ã®è¨˜äº‹ã‚’è§£æã—ã¦ã¿ã‚‹,https://qiita.com/kenakamu/items/1274a71fcb5648d186a0,14
Instagram APIã§ç‰¹å®šã®ãƒ¦ãƒ¼ã‚¶ãƒ¼ãŒæŠ•ç¨¿ã—ãŸå†™çœŸã‚’å–å¾—ã™ã‚‹ã¾ã§ã®æµã‚Œ,https://qiita.com/h5y1m141@github/items/52d3e0a894cdc6049a42,14
TwitterAPIã‚ã£ã¡ã‚ƒèª¿ã¹ã¦ã¿ãŸ,https://qiita.com/SNQ-2001/items/62477c1f97fa74ff63cd,14
Androidã‚¢ãƒ—ãƒªã§Ktorã¨Coroutineä½¿ã£ã¦async/awaitã—ã¦ã¿ã‚‹ã‚µãƒ³ãƒ—ãƒ«æ›¸ã„ã¦ã¿ãŸ,https://qiita.com/morimorim/items/115f495516336a9e7c4b,13
go + Gin + ã‚¯ãƒªãƒ¼ãƒ³ã‚¢ãƒ¼ã‚­ãƒ†ã‚¯ãƒãƒ£ã‚’ç”¨ã„ãŸWebAPIæ§‹ç¯‰,https://qiita.com/ryoh07/items/8ebac006c5294b9b3f58,13
GraphQL Rubyã®Dataloaderã‚’ä½¿ã£ã¦ã¿ã‚‹,https://qiita.com/kyntk/items/7ff8d312480ec913f049,13
ã‚¢ãƒ‰ãƒ™ãƒ³ãƒˆã‚«ãƒ¬ãƒ³ãƒ€ãƒ¼ã®å„è¨˜äº‹ã®æŠ•ç¨¿çŠ¶æ³ã€ã„ã„ã­æ•°ãªã©ã‚’ç°¡å˜ã«ç¢ºèªã—ãŸã„,https://qiita.com/_matuzaki/items/7b9fd83dbf26488fd339,13
5æ—¥ã§100ä¸‡äººè¶…ãˆã®ChatGPTã£ã¦ä½•ãªã®ã‹ä½¿ã„å€’ã—ã¦ã¿ã‚‹,https://qiita.com/kurosuke1117/items/e63242456ffa80a04f3f,13
æœ€é«˜ã®Qiitaã®ã‚¿ã‚¤ãƒˆãƒ«ã‚’ä½œã‚ã†ï¼,https://qiita.com/mimura_tomohiro/items/0686da210bf9a6910a45,13
Qiitaã®è¨˜äº‹æƒ…å ±ã‚’APIã§å–å¾—ã—CSVã«æ›¸ãå‡ºã™,https://qiita.com/ararie/items/94902fc0e686e59cb8c5,13
Facebookã§å‹äººã‚„ãƒšãƒ¼ã‚¸ã®IDã‚’ã‚µã‚¯ãƒƒã¨èª¿ã¹ã‚‹Tips,https://qiita.com/n0bisuke/items/5aebc149a0509eb382f8,13
FQL: ã„ã‚ã„ã‚ãªæ¡ä»¶å¼,https://qiita.com/Peko10/items/66aba4111f50a7bfe694,12
ã€Vue.jsã€‘ã€TDDã€‘QiitaAPIã‚’ä½¿ã£ã¦æŠ•ç¨¿ã®è©³ç´°ã‚’è¡¨ç¤ºã™ã‚‹ã‚³ãƒ³ãƒãƒ¼ãƒãƒ³ãƒˆã‚’TDDã§ä½œã£ã¦ã¿ã¾ã—ãŸã€‚[PART 1/2],https://qiita.com/webpack_master/items/23beb814199ecf52c7f3,12
Qiita APIã‚’åˆ©ç”¨ã—ã¦è¨˜äº‹ã®Viewsã¨ã‚¹ãƒˆãƒƒã‚¯æ•°ãŒã¾ã¨ã‚ã¦å–å¾—ã§ãã‚‹APIã‚’ä½œã£ã¦ã¿ãŸ,https://qiita.com/kai_kou/items/3f10ce93f4aa3b57b2d0,12
AsyncValueã‚’ä½¿ç”¨ã—ãŸAPIé€šä¿¡ã®å®Ÿè£…ã€Flutterã€‘,https://qiita.com/yuchiro22/items/209a007d35b6c98d4376,12
Tweepyã§å‡ºæ¥ã‚‹äº‹ã¾ã¨ã‚,https://qiita.com/taro_kawasaki/items/07e85e83f40833f5bd71,12
Qiitaã®é–²è¦§æ•°ã‚’BigQueryã¨Googleãƒ‡ãƒ¼ã‚¿ãƒãƒ¼ã‚¿ãƒ«ã§å¯è¦–åŒ–ã™ã‚‹,https://qiita.com/poruruba/items/c2fa7534892867de75ca,11
[PHP][Graph API] Facebookãƒšãƒ¼ã‚¸ã®æŠ•ç¨¿è¨˜äº‹ã®ã„ã„ã­ã€ã‚·ã‚§ã‚¢ã€ãƒªãƒ¼ãƒã®å–å¾—,https://qiita.com/tutida/items/cd5528d0a01778dc7914,11
æœ¬å®¶Rustã‚³ãƒ³ãƒ‘ã‚¤ãƒ©ã®ã‚½ãƒ¼ã‚¹ã‚’èª­ã‚‚ã†ã¨ã—ã¦ã¿ã‚‹ï¼ˆ7ï¼‰,https://qiita.com/0yoyoyo/items/fe3dc1c027ae5c63709d,11
[Laravel] ã„ã„ã­æ©Ÿèƒ½å®Ÿè£…ã—ã¦ã¿ãŸ,https://qiita.com/dai_designing/items/67a48e31d50899c6543f,11
ActiveRecordã«é™ç•Œã‚’æ„Ÿã˜Arelã§ã‚µãƒ–ã‚¯ã‚¨ãƒªã‚’é ‘å¼µã£ã¦æ›¸ã„ã¦ã¿ãŸ,https://qiita.com/jaramon/items/cfbeda7ba1c2d058e88f,11
Excel ã§ Qiita æŠ•ç¨¿ä¸€è¦§ã‚’å–å¾—ã™ã‚‹,https://qiita.com/PowerBIxyz/items/1fc385fdd3727b312bdb,11
ã‚µãƒ¼ãƒ“ã‚¹ã®ãƒ‡ãƒ¼ã‚¿é›†è¨ˆã§ã‚ˆãä½¿ã†SQLé›†,https://qiita.com/musclemikiya/items/606eeb7217a17df98a51,11
Qiita:Team ã®ãƒ‡ãƒ¼ã‚¿ã‚’åé›†ã—ã¦åˆ†æã™ã‚‹,https://qiita.com/yosukesuzuki/items/ddc7678722d1a1323df3,11
ã€é€Ÿç¿’ã€‘vue-property-decorator,https://qiita.com/sakamiti_46/items/af0350d54cba1cebc8c6,11
Railsæœ¬ç•ªç’°å¢ƒ(AWS)S3ã«ç”»åƒæŠ•ç¨¿ã§ããªã‹ã£ãŸ,https://qiita.com/hellhellmymy/items/35154c90cd0bb0d91aa9,11
Railsã¨Ajaxã‚’ä½¿ã£ãŸã„ã„ã­æ©Ÿèƒ½ã®éåŒæœŸé€šä¿¡,https://qiita.com/naota7118/items/e009eff939b5a764672d,11
[Rails]ã„ã„ã­æ©Ÿèƒ½ã®å®Ÿè£…ï¼ˆreloadã—ãªã„ã¨åæ˜ ã•ã‚Œãªã„å•é¡Œã®è§£æ±ºï¼‰,https://qiita.com/kjurata/items/70201e0ec781aeb4448d,11
ITæœªçµŒé¨“å…¥ç¤¾15æ—¥ç›®ã§Qiitaã®APIã‚’ä½œã‚ã†ã¨ã—ãŸ,https://qiita.com/kminamicric/items/497ff70c83a78b667099,10
Qiita APIã§è‡ªåˆ†ã®è¨˜äº‹ã®LGTMã¨Viewã‚’å–å¾—ã™ã‚‹ã€‚,https://qiita.com/Sho-heikun/items/6d5b938d1ea4adb89a08,10
axiosï¼‹Vue.jsï¼‹Qiita API v2ã‚’åˆ©ç”¨ã—ã¦è‡ªåˆ†ã®æŠ•ç¨¿è¨˜äº‹ã¨é–²è¦§ä»¶æ•°ï¼ˆviewsï¼‰ãªã©ã‚’ä¸€è¦§è¡¨ç¤ºã—ã¦ã¿ã‚‹,https://qiita.com/You_name_is_YU/items/8c83e4c4c3f9c273b704,10
Emacsã®org-modeã§Qiitaè¨˜äº‹ã‚’æ›¸ã„ã¦ä¸Šã’ã‚ˆã†!!,https://qiita.com/fdui/items/3e134bbb48faecc0f1f4,10
ã€ãƒã‚¤ã‚¯ãƒ­ã‚µãƒ¼ãƒ“ã‚¹ï¼ˆä»®ï¼‰ã€‘Nuxt + Rails5ã§Instagramèªè¨¼ã‚’é€šã—ã¦ã¿ã‚‹,https://qiita.com/katsuyuki/items/502d6727c8dda7a17843,10
Vue + Vue Router + Vuex + Laravel 7.20.0ã§å†™çœŸå…±æœ‰ã‚¢ãƒ—ãƒªã‚’ä½œã‚ã†,https://qiita.com/neneta0921/items/37ab489fae0e647d46f7,10
è‡ªåˆ†ã® Qiita è¨˜äº‹ã®é–²è¦§æ•°ã‚’å–å¾—ã—ã¦å ±å‘Šã™ã‚‹ BOT ã‚’ä½œã£ã¦ã¿ãŸ,https://qiita.com/kunihiros/items/8a600a300ab825bc883d,10
Rails ã„ã„ã­æ©Ÿèƒ½ã®ãƒŸãƒ‹ã‚¢ãƒ—ãƒªã‚’ä½œã‚ã†,https://qiita.com/keitah/items/12b50c86bcfa9cfb4db9,10
ã‚¢ãƒ‰ãƒ™ãƒ³ãƒˆã‚«ãƒ¬ãƒ³ãƒ€ãƒ¼ã®ã„ã„ã­ã‚’Clojureã§ã‚¹ã‚¯ãƒ¬ã‚¤ãƒ”ãƒ³ã‚°ã—ã¦æ•°ãˆã‚‹,https://qiita.com/yhsgw/items/12563d1b1cc45af52fa8,10
[Neo4J]ã€€â‘¡æ°—ã«ãªã‚‹ã„ãã¤ã‹ã®ã“ã¨ã¨ã€çªç ´å£,https://qiita.com/e-a-st/items/0421171907e6375f1d8b,10
Byteballã®ãƒ›ãƒ¯ã‚¤ãƒˆãƒšãƒ¼ãƒ‘ãƒ¼ã‚’Googleç¿»è¨³ã—ãŸ,https://qiita.com/dosukoi_kdm/items/e0e38f029eec0d2719fc,10
QiitaGPTã€çˆ†èª•ï¼ï¼ (ã®äºˆæ„Ÿ),https://qiita.com/moritalous/items/ec15d0a5979e90497269,10
Shields.ioã¨å„ç¨®APIã§ç‹¬è‡ªã®ãƒãƒƒã‚¸ã‚’ä½œã£ã¦éŠã¶,https://qiita.com/ota-meshi/items/4799f490ecc8c8cf6422,10
Laravel + Vue + Redisã§ã„ã„ã­ãƒœã‚¿ãƒ³ã‚³ãƒ³ãƒãƒ¼ãƒãƒ³ãƒˆä½œæˆ,https://qiita.com/maip0902/items/eafc35ed762648ddadbf,9
ç‰¹å®šã®ãƒ¦ãƒ¼ã‚¶ãƒ¼ã®Qiitaæ–°è¦æŠ•ç¨¿ã‚’å®šæ™‚ã§ãƒãƒ£ãƒƒãƒˆã«æµã™,https://qiita.com/TakahiRoyte/items/9987efdb980ef2e1b668,9
æ—¥æœ¬èªã§æ›¸ã‹ã‚ŒãŸè¨˜äº‹ã‚’æµ·å¤–ã®ãƒˆãƒ¢ãƒ€ãƒã«è‹±èªã§ä¼ãˆãŸã„,https://qiita.com/torifukukaiou/items/86466a2e0b2e874f2fa3,9
ã€Railsã€‘ã„ã„ã­æ©Ÿèƒ½ã®å®Ÿè£…ã«ã¤ã„ã¦,https://qiita.com/nozonozo/items/57709083838a7fadebcf,9
Qiitaã®è¨˜äº‹ä¸€è¦§ã‚’Googleã‚¹ãƒ—ãƒ¬ãƒƒãƒ‰ã‚·ãƒ¼ãƒˆã«è‡ªå‹•å–å¾—ã™ã‚‹,https://qiita.com/FrozenVoice/items/b89e48719906180e060c,9
ã‚ˆãã‚ã‹ã‚‹PHPã®æ•™ç§‘æ›¸/Twitteré¢¨ã²ã¨ã“ã¨æ²ç¤ºæ¿ ã«ã€Œã„ã„ã­ã€æ©Ÿèƒ½ã‚’è¿½åŠ ã—ã¦ã¿ãŸ,https://qiita.com/blacklions20/items/ffa0354e625c43c95582,9
qiitaè¨˜äº‹ã«LDAãƒ»HDPã‚’é©ç”¨ã—ã¦ã¿ãŸ,https://qiita.com/zeze/items/680ad67135e2f7829e76,9
Qiitaã§ãƒã‚ºã‚Šãã†ãªè¨˜äº‹ã‚¿ã‚¤ãƒˆãƒ«ã®æ¨å®šãƒ¢ãƒ‡ãƒ«ã‚’æ§‹ç¯‰ã—ã¦ã¿ãŸ,https://qiita.com/Mocchaso/items/1ed49140863f0b897ae5,9
æ¯æ—¥è‡ªå‹•æ›´æ–°ï¼ã€€è¨˜äº‹ã®èˆå°è£ -- Nerves on Raspberry Pi 2å¤§æ´»èº ğŸš€ğŸš€ğŸš€,https://qiita.com/torifukukaiou/items/a58aa8162422f560ef64,9
æŠ•ç¨¿å¾Œä¸€å®šæ™‚é–“å†…ã®ã„ã„ã­ã¨åŒä¸€Organizationã‹ã‚‰ã®ã„ã„ã­ã‚’æ¤œå‡ºã™ã‚‹ ã‚ªãƒã‚±ã§æœ€è¿‘ã®ã„ã„ã­ã‚‚,https://qiita.com/khsk/items/5f40577a9a48c46f2fc8,9
ã€WebAPIã€‘é§†ã‘å‡ºã—ã‚¨ãƒ³ã‚¸ãƒ‹ã‚¢ã®é‡‘ã®åµã‚’è¦‹ã¤ã‘ã‚ˆã†ã€Node.jsã€‘,https://qiita.com/UhRhythm/items/0ba851f9a10fcf86434b,9
é–¢æ•°å‹ã«ã¤ã„ã¦å‹‰å¼·ã—ã¦ã¿ãŸã‚‰ã‚³ãƒ¼ãƒ‰ãŒã‚·ãƒ³ãƒ—ãƒ«ã«ãªã‚Šã¾ã—ãŸ,https://qiita.com/kunihiros/items/88c586140f0fb85e1c88,8
Qiitaã®è¨˜äº‹ã‚’RDFã«å¤‰æ›,https://qiita.com/kukulkan/items/01a8103858eab0a6ebfb,8
é—˜é­‚Elixir ãƒ¼ãƒ¼ ç…§åº¦ã‚»ãƒ³ã‚µãƒ¼ã§æ˜ã‚‹ã•ã‚’æ¸¬ã‚‹ã“ã¨ã‚’æ¥½ã—ã‚€,https://qiita.com/torifukukaiou/items/cba33c4d39d6f776f99e,8
é—˜é­‚Elixir ãƒ¼ãƒ¼ Enum.reduceãŒã‚ã‚Œã°ãªã‚“ã§ã‚‚ã§ãã‚‹ï¼,https://qiita.com/torifukukaiou/items/01452b8dac5e82fbdd1b,8
ãƒ•ãƒ­ãƒ³ãƒˆåˆå¿ƒè€…ãŒaxiosã§å¤–éƒ¨APIã‚’å®Ÿè¡Œã—ã¦Vue.jsã§è¡¨ç¤ºã™ã‚‹ã¨ã“ã‚ã¾ã§,https://qiita.com/sasayabaku/items/a936ca53aee2d60d68d5,8
2019 Tech Connect! Summer å‹æ‰‹ã«æŒ¯ã‚Šè¿”ã‚Š,https://qiita.com/n-tanimoto/items/53f1c7da405dc47ad79f,8
ã‚·ãƒ³ãƒ—ãƒ«ãªCSSè¨­è¨ˆãŒã§ãã‚‹RSCSSã«å…¥é–€ã—ã¦ã¿ãŸ,https://qiita.com/itizawa/items/012da68723f6c654cd02,8
ã€Qiita x COTOHA APIãƒ—ãƒ¬ã‚¼ãƒ³ãƒˆä¼ç”»ã€‘ã®è¨˜äº‹ã‹ã‚‰ Happy Commentè³ ã‚’å‹æ‰‹ã«æ±ºå®šã™ã‚‹,https://qiita.com/j5c8k6m8/items/aab8e6c92258b7002d2a,7
ã€rails/éåŒæœŸã€‘jsåˆå¿ƒè€…ãŒã„ã„ã­æ©Ÿèƒ½ã‚’React.jsã§å®Ÿè£…ã—ã¦ã¿ãŸã€‚ãã®â‘¡,https://qiita.com/ofuna/items/979be14210abbbc9b493,7
Docker+circleCI+ajaxã§ã®ã„ã„ã­æ©Ÿèƒ½ã®Rspec/systemãƒ†ã‚¹ãƒˆ,https://qiita.com/tanegashiman/items/b94325e122cb09b517fa,7
PHPã§Yã‚³ãƒ³ãƒ“ãƒãƒ¼ã‚¿ã®å¿œç”¨ã‚’ã—ã¦ã¿ãŸï¼ˆé–¢æ•°ã®é€£é–é©ç”¨ï¼Œã‚¸ã‚§ãƒãƒ¬ãƒ¼ã‚¿etc...ï¼‰â‘ ,https://qiita.com/kose-likes-nuda/items/5d621cd77af5764b2bf3,7
Qiitaã®è‡ªåˆ†ã®å…¨ã¦ã®æŠ•ç¨¿æƒ…å ±ã‚’ãƒ€ã‚¦ãƒ³ãƒ­ãƒ¼ãƒ‰ã™ã‚‹Pythonã‚¹ã‚¯ãƒªãƒ—ãƒˆ,https://qiita.com/youichi_io/items/861bd760e6b496cf2f4a,7
Railsãƒãƒ¥ãƒ¼ãƒˆãƒªã‚¢ãƒ«ã®ã‚µãƒ³ãƒ—ãƒ«ã‚¢ãƒ—ãƒªã‚’æ‹¡å¼µã—ã¦ãŠã™ã™ã‚ä½œå“å…±æœ‰SNSã‚’ä½œã£ãŸ,https://qiita.com/hukurouo/items/cf5009f84d13c77ca764,7
Qiitaã®è¨˜äº‹ãƒ‡ãƒ¼ã‚¿ã®ã‚¿ã‚°æƒ…å ±ã®å…±èµ·é–¢ä¿‚ã‚’è¨ˆç®—ã—ãŸ,https://qiita.com/gsy0911/items/c9da9de2190c983057bd,7
åˆã‚ã¦ã‚¢ãƒ‰ã‚ªãƒ³ï¼ˆWebExtensionsï¼‰ã‚’ä½œã£ã¦ã¿ãŸã®ã§ãƒãƒã£ãŸç‚¹ã‚’ã¾ã¨ã‚ã¦ã¿ã‚‹,https://qiita.com/aminevsky/items/177ea9e46aea873f4a6e,7
Pythonã¨Cè¨€èªã‚’å‹è² ã•ã›ãŸçµæœã‚’LINE Botã§é€šçŸ¥ã—ã¦ã¿ãŸã€‚,https://qiita.com/UmeTanTan/items/651a040fa9ed5a237229,7
Flutterã‚„ã£ã¦ã¿ãŸã‚ˆPart7ï¼ˆretrofitå°å…¥ï¼‰,https://qiita.com/190yamashita/items/fc570a117ed2a5c713b3,7
ã„ã„ã­ï¼ã—ãŸFacebookãƒšãƒ¼ã‚¸ã®ãƒ•ã‚£ãƒ¼ãƒ‰ã‚’å®šæœŸçš„ã«MongoDBã«ä¿å­˜ã™ã‚‹,https://qiita.com/ykyk1218/items/e3bf2b0a21a7d3bd0fe7,7
Techè¨˜äº‹ã®æ¤œç´¢ã¨ãƒ¬ã‚³ãƒ¡ãƒ³ãƒ‡ãƒ¼ã‚·ãƒ§ãƒ³ãŒå¯èƒ½ãªã‚µãƒ¼ãƒ“ã‚¹ã‚’å€‹äººé–‹ç™ºã—ã¾ã—ãŸï¼,https://qiita.com/toru1055/items/e7239c00f7c9ee96ed3f,7
[Rails] ã„ã„ã­æ©Ÿèƒ½è¿½åŠ ,https://qiita.com/potterqaz/items/f412b57ef15b402a0f0c,7
Rails6ã€‘RSpecã«ã‚ˆã‚‹ãƒšãƒ¼ã‚¸ãƒãƒ¼ã‚·ãƒ§ãƒ³æ©Ÿèƒ½ï¼ˆkaminariï¼‰ã®çµåˆãƒ†ã‚¹ãƒˆã®å®Ÿè£…,https://qiita.com/narimiya/items/53a956a265b99c58c309,7
ã€æ”¹ã€‘åˆå¿ƒè€…å‘ã‘ã®è¨˜äº‹ã£ã¦å¤šã™ãã‚“ï¼Ÿï¼Ÿï¼ˆJavaScriptåˆå¿ƒè€…å‘ã‘QiitaAPIã§LGTMæ•°TOP10ã‚’å‡ºã—ã¦ã¿ã‚‹ï¼‰,https://qiita.com/kk_puruzera/items/f7c07f05ecf1a15c7685,7
ã€Rails6ã€‘ã„ã„ã­æ©Ÿèƒ½ï¼ˆåŒæœŸâ†’éåŒæœŸï¼‰å®Ÿè£…,https://qiita.com/da1002/items/d120c820bd9e5303ff80,7
ã€Elixirã€‘æŠ•ç¨¿ã—ãŸå…¨è¨˜äº‹ã®é–²è¦§æ•°ãƒ»ã„ã„ã­æ•°ã‚’å–å¾—ã™ã‚‹,https://qiita.com/torifukukaiou/items/fc1cdcce5631cd942570,7
ã€vue3ã€‘componentåŸºç¤,https://qiita.com/Quest_love33/items/a0d8a105ef3c0854b5ff,7
graphql-codegenã®ãƒ—ãƒ©ã‚°ã‚¤ãƒ³ã‚’è‡ªåˆ†ã§æ›¸ã„ãŸ ~ å‰¯é¡Œï¼šã€ŒGraphQLã®ã‚¯ã‚¨ãƒªãƒ¼ã‚’æ›¸ã‘ã°ã€ä¸Šæ‰‹ã«å‹ã‚’ã¤ã‘ã¦ApolloClientã§ã‚¯ã‚¨ãƒªã‚’é£›ã°ã™ã‚„ã¤ã‚’è‡ªå‹•ã§ç”Ÿæˆã—ãŸã„ã¨æ€ã£ãŸã®ã§ã€Typescriptã‚’æ›¸ãå‡ºã™Javascriptã‚’æ›¸ã„ãŸã€,https://qiita.com/NanimonoDaemon/items/2a95f896ad5869a6cfc0,6
 ã€railsã€‘railsã¨jsã‚’ç”¨ã„ã¦ã€Œã„ã„ã­æ©Ÿèƒ½ã€ã‚’å®Ÿè£…ã—ã¦ã¿ãŸ,https://qiita.com/soo_chan11/items/de4ba62c02256e9dd8d4,6
ã€Pythonã€‘ãƒã‚¤ãƒšãƒ¼ã‚¸ã‹ã‚‰ã„ã„ã­ï¼ˆLGTMï¼‰é †ãŒæ¶ˆãˆãŸã®ã§ Qiita API ä½¿ã£ã¦å–å¾—ã™ã‚‹,https://qiita.com/riekure/items/166abfefed095fefe00a,6
ã€Elixir/Phoenixã€‘Phoenix LiveViewå…¬å¼å‹•ç”»ã‚’ãƒ‰ã‚­ãƒ¥ãƒ¡ãƒ³ãƒˆã«ã—ã¾ã—ãŸã€‚â‘ ,https://qiita.com/akkiii/items/6b3f2bd56d9f091ba53a,6
[Rails]æœ¬æ—¥ã®ã‚¨ãƒ©ãƒ¼,https://qiita.com/taka22/items/505c372c2c03aa608904,6
Qiitaæ®¿å ‚å…¥ã‚Šã‚¢ãƒ—ãƒªã‚’ä½œã‚Šã¾ã—ãŸï¼ˆäºŒç•ªç…ã˜ï¼‰,https://qiita.com/matt-note/items/c5056d192dd768b96e79,6
Qiita APIã‚’ä½¿ã£ã¦ã€Œã„ã„ã­ã€ã‚’LINEã«é€šçŸ¥ã™ã‚‹ã‚¢ãƒ—ãƒªã‚’Lambdaã§æ§‹ç¯‰ã—ãŸ,https://qiita.com/bee2/items/4aaec7206b7deadc01a3,6
ã€åˆå¿ƒè€…QiitaAPIç·´ç¿’ã€‘Qiitaå†…ã®éº»é›€é–¢é€£è¨˜äº‹ãƒªãƒ³ã‚¯é›†ã‚’ä½œã£ã¦ã¿ãŸã€‚,https://qiita.com/yurisg/items/f1c5d4da7cf423894d05,6
åˆæŠ•ç¨¿ã®PVãŒçˆ†å¢—ã—ãŸã®ãŒtroccoÂ®ã¨Qiita APIã§ã‚ˆãã‚ã‹ã£ãŸè©±,https://qiita.com/SoySoySoyB/items/c4221a0a000b497448f7,6
Railsã§é€±é–“ã„ã„ã­ãƒ©ãƒ³ã‚­ãƒ³ã‚°ã‚’ä½œã‚‹ï¼,https://qiita.com/takaaaaaaaya/items/a293b6b0db713320cdcd,6
Python3ã‚’ä½¿ã£ãŸæ—¥æœ¬èªè‡ªç„¶è¨€èªå‡¦ç†â‘¢ç–ãƒ™ã‚¯ãƒˆãƒ«ã®ç”Ÿæˆ,https://qiita.com/asai0304/items/1ab973f18925c9d718d5,6
ã€Railsã€‘N+1å•é¡Œã«é…æ…®ã—ã¦ã„ã„ã­æ©Ÿèƒ½ã‚’å®Ÿè£…,https://qiita.com/y-yyy/items/583706eadce9937511ab,6
Qiita APIã§ã®æŠ•ç¨¿è¨˜äº‹å–å¾—ã®ãƒšãƒ¼ã‚¸ãƒãƒ¼ã‚·ãƒ§ãƒ³å®Ÿè£…2ç¨®(Python),https://qiita.com/mochi_yu2/items/556b91e9f25b2eec83de,6
æŠ€è¡“è¨˜äº‹ã‚’å®šæœŸçš„ã«LINEã«æŠ•ã’ãŸã„,https://qiita.com/kzfrkw/items/567684669f0e2c075ab2,6
Karate ã‚’ä½¿ã£ãŸWebã‚µãƒ¼ãƒ“ã‚¹ ãƒ†ã‚¹ãƒˆ ãã®ï¼’,https://qiita.com/ihgs/items/412c8b0d54ac26749a31,5
Splunkã®ã‚µãƒ¼ãƒçµæœã‚’Indexã«ä¿å­˜ã—ã¦ç´¯ç©çµæœã‚’ãƒã‚§ãƒƒã‚¯ï¼,https://qiita.com/maroon/items/7c3ecf9a812f1b3f06be,5
ãƒ‡ãƒ¼ã‚¿ãƒ•ãƒ¬ãƒ¼ãƒ ã®ãƒãƒªãƒ‡ãƒ¼ã‚·ãƒ§ãƒ³ã‚’å®Ÿç¾ã™ã‚‹ãŸã‚ã®panderaå…¥é–€ã€œãƒ€ãƒŸãƒ¼ãƒ‡ãƒ¼ã‚¿ã«ã‚ˆã‚‹åˆ©ç”¨ä¾‹ã®ç´¹ä»‹ã€œ,https://qiita.com/daikikatsuragawa/items/d0516db16f930c5e582f,5
Python(pandas)ã‚’ä½¿ã£ã¦åŸºæœ¬çµ±è¨ˆé‡ã‹ã‚‰å˜å›å¸°åˆ†æã¾ã§çµ±è¨ˆã®å¾©ç¿’,https://qiita.com/Rui010/items/abe4febeeba9db048b47,5
AdventCalendar2022ã‚¿ã‚°ãŒã¤ã„ãŸè¨˜äº‹ã‚’Qiita API v2ã‚’ä½¿ã‚ã›ã¦ã„ãŸã ã„ã¦å–å¾—ã™ã‚‹ã“ã¨ã‚’æ¥½ã—ã‚€ï¼ˆElixirï¼‰,https://qiita.com/torifukukaiou/items/ba2b283537bc84e0c196,5
Laravelã§JSã®Ajaxã‚’ä½¿ã£ã¦éåŒæœŸé€šä¿¡ã‚’è¡Œã†,https://qiita.com/Kobajun0219/items/556d3d9df812bc110cea,5
ã€Rails6ã€‘ RSpecã«ã‚ˆã‚‹æŠ•ç¨¿æ™‚ã®ãƒ¢ãƒ‡ãƒ«å˜ä½“ãƒ†ã‚¹ãƒˆã®å®Ÿè£…,https://qiita.com/narimiya/items/301dd9a10f32e0061cff,5
Qiita API + Pythonã§è¨˜äº‹ã®ã‚¢ã‚¯ã‚»ã‚¹æ•°ã‚„ã„ã„ã­æ•°ã‚’å–å¾—ã™ã‚‹,https://qiita.com/nsuhara/items/b27b84f0150c3f6534ec,5
Qiita APIã§ã‚¿ã‚°Ã—æ™‚æœŸÃ—ã„ã„ã­æ•°ã®ç›¸é–¢ã‚’èª¿ã¹ãŸã‚‰ç¾å®Ÿã‚’çªãã¤ã‘ã‚‰ã‚ŒãŸ,https://qiita.com/chiiirotty/items/76b1f0d1c00196cf3fdf,5
Laravel + Vue.js ã§ã„ã„ã­æ©Ÿèƒ½ã‚’å®Ÿè£…ã—ã¦ã¿ã‚‹,https://qiita.com/wada1355/items/ad65644aed771ff0145f,5
"""Pythonåˆå¿ƒè€…""ãŒã‚¢ãƒ‹ãƒ¡ãƒ‡ãƒ¼ã‚¿ã‚’Pythonã§åˆ†æã—ã¦ã¿ãŸ ",https://qiita.com/yamayama123/items/48dad0ec64d9d8502233,5
Python Qiita API ã‚’ä½¿ã£ã¦ã‚­ãƒ¼ãƒ¯ãƒ¼ãƒ‰æ¤œç´¢,https://qiita.com/morita-toyscreation/items/774bc1835aad84e72967,5
Rails x Ajaxã§ã€ŒãŠæ°—ã«å…¥ã‚Šã€ã‚’ã‚ªãƒ³ã‚ªãƒ•ã§ãã‚‹ãƒªã‚¹ãƒˆã‚’ä½œæˆã™ã‚‹,https://qiita.com/Coolucky/items/1e20750afd881cc05bd3,5
PHPã§ã€ã„ã„ã­ãƒœã‚¿ãƒ³ã€‘ã‚’å®Ÿè£…ã—ã¦ã¿ãŸ,https://qiita.com/y0shihiro/items/c8530aba3543203a10a0,5
"Liker likes any tweets with ""#å¤§æ™¦æ—¥ãƒãƒƒã‚«ã‚½ãƒ³"" hash tag on 12/31, 2021 -- Enjoy Elixir !!!",https://qiita.com/torifukukaiou/items/487dd22c388a8e991900,5
ã€Rails6ã€‘CarrierWaveã‚’ä½¿ã„ã€è¤‡æ•°ã®ç”»åƒã‚’ä¸€æ–‰ã«æŠ•å…¥ã™ã‚‹2ã¤ã®æ–¹æ³•/â‘ seedã®åˆæœŸãƒ‡ãƒ¼ã‚¿ã§æŠ•å…¥/â‘¡CSVã§ã‚¤ãƒ³ãƒãƒ¼ãƒˆã™ã‚‹ ,https://qiita.com/syuu1227/items/4cd2cea66858d61ffab3,5
QiitaAPI v2ã®ä»•æ§˜ã‚’æ·±å €ã—ã€ä½¿ãˆã‚‹ãƒ„ãƒ¼ãƒ«ã‚’ä½œã‚‹ãŸã‚ã®æŠ€è¡“çš„è¦ç´ ã‚’æ´—ã„å‡ºãã†ï¼ ï½ãŸã ã®ãƒ‘ã‚¯ãƒªãƒ„ãƒ¼ãƒ«ã‹ã‚‰ã®è„±å´ã¸,https://qiita.com/developer-kikikaikai/items/037d38c16ac20a182e15,5
Qiitaã§ãƒ—ãƒ­ã‚°ãƒ©ãƒŸãƒ³ã‚°è¨€èªãƒˆãƒ¬ãƒ³ãƒ‰,https://qiita.com/khoahv/items/0e9f38676c228b92d418,5
ã€Vue.jsã€‘Qiitaã®APIã‚’ä½¿ã£ãŸãƒªã‚¢ãƒ«ã‚¿ã‚¤ãƒ æ¤œç´¢ãƒ—ãƒ­ã‚°ãƒ©ãƒ ã®ä½œæˆæ–¹æ³•,https://qiita.com/shizen-shin/items/a89d1ec59a7543f6c7dd,5
ï¼»Androidï¼½ãƒšãƒ¼ã‚¸æ¯ã«ãƒ‡ãƒ¼ã‚¿ã‚’èª­ã¿è¾¼ã‚€ RecyclerView ã‚’ä½œã£ã¦ã¿ã‚‹,https://qiita.com/kaleidot725/items/0173f156830b0d80f2d0,5
FacebookSDK foriOS ãã®ï¼’,https://qiita.com/wolfmasa/items/2d259ecdada466cf094c,5
Railsã§ã„ã„ã­é †ã«æŠ•ç¨¿ã‚’ä¸¦ã¹ã‚‹ï¼ˆãƒ©ãƒ³ã‚­ãƒ³ã‚°ï¼‰,https://qiita.com/take_webengineer/items/f8759f34fb8821cc832b,4
Qiitaã®é–²è¦§æ•°ã‚’MQTTã§è¨˜éŒ²ã™ã‚‹,https://qiita.com/poruruba/items/5a35503900acd6b37d70,4
Groongaçµ„ã¿è¾¼ã¿ã‚³ãƒãƒ³ãƒ‰ã®åˆ©ç”¨,https://qiita.com/Yujiro3/items/4a7f83bda17a5037a16b,4
ã€Rails6ã€‘RSpecã«ã‚ˆã‚‹æ¤œç´¢æ©Ÿèƒ½ï¼ˆransackï¼‰ã®çµåˆãƒ†ã‚¹ãƒˆã®å®Ÿè£…,https://qiita.com/narimiya/items/13c7a9c3fe28e72ebaaa,4
ã€Rails6ã€‘RSpecã«ã‚ˆã‚‹ã„ã„ã­æ©Ÿèƒ½ã®çµåˆãƒ†ã‚¹ãƒˆã®å®Ÿè£…,https://qiita.com/narimiya/items/477e30fe9a3aeb747282,4
Railsã§ãŠã™ã™ã‚æ©Ÿèƒ½ã‚’ä½œã‚‹,https://qiita.com/hayano-t/items/bd5d2ca50d0230bed82f,4
è‡ªåˆ†ã® Qiita è¨˜äº‹ã®é–²è¦§æ•°é †ãƒªã‚¹ãƒˆã‚’ GitHub Actions ã§è‡ªå‹•å®šæœŸæ›´æ–°,https://qiita.com/eigs/items/4afebf9c7a325e206129,4
 ã¯ã˜ã‚ã¦ã®vue.js,https://qiita.com/uturned0/items/cadf3203268574bc0b2e,4
ã“ã“ãŒãƒ˜ãƒ³ã ã‚ˆ GET /api/v2/items |> è§£æ±º!!! (Elixir),https://qiita.com/torifukukaiou/items/6ea18016983cd66bdebd,4
RaspberryPiã§è‡ªåˆ†ã®QiitaæŠ•ç¨¿ãƒ‡ãƒ¼ã‚¿ã‚’è‡ªå‹•åé›†ã—ã¦å®šæœŸçš„ã«Slackã§é€šçŸ¥ã—ã¦ã¿ãŸ,https://qiita.com/dyamaguc/items/e549f59689c5a36ff9b2,4
ã€Rubyã€‘ã„ã„ã­æ©Ÿèƒ½ã®å®Ÿè£… [åˆå¿ƒè€…]  ã¾ã¨ã‚,https://qiita.com/SAPPOROBEER/items/13f7a3bedd9690b90a5b,4
Google Apps Scriptã¨Pythonã§Qiitaã®Contributionæ•°å¢—åŠ ã‚„é–²è¦§æ•°ã‚’è¨˜éŒ²ã™ã‚‹,https://qiita.com/e99h2121/items/bc518664495b79a3a302,4
ã€JavaScriptæ´»ç”¨ã€‘ãƒªãƒ™ãƒ³ã‚¸ã—ã¦ã¿ãŸï¼ï¼â†’QiitaAPIã§ãƒã‚¤ã‚¯ãŒå¥½ããŒã„ã‚‹ã‹èª¿ã¹ã¦ã¿ãŸ,https://qiita.com/yui-kouy/items/c0ebbf9e3e9c53161e92,4
Java+PGXã§ã‚°ãƒ©ãƒ•ã‚¯ã‚¨ãƒªã‚’çˆ†é€Ÿã§å©ã,https://qiita.com/tharashi/items/7e20e93ceb7559a4d1ff,4
"ã€Unity(C#),Pythonã€‘IronPythonä½¿ã£ã¦Unityã§Pythonã‚³ãƒ¼ãƒ‰å‹•ã‹ã—ã¦ã¿ã‚‹",https://qiita.com/OKsaiyowa/items/2e6ec8e184678fd90dfe,4
Splunk Curl App ã§ Qiita ã®ãƒšãƒ¼ã‚¸viewæ•°ã‚’ãƒã‚§ãƒƒã‚¯ã—ã¦ã¿ãŸ,https://qiita.com/maroon/items/266e74bbdc39bfe91e9f,4
[PowerShell]Qiitaã®è‡ªåˆ†ã®è¨˜äº‹ã®é–²è¦§æ•°ï¼ˆViewæ•°ï¼‰ä¸€è¦§ã‚’å–å¾—ã™ã‚‹,https://qiita.com/S_SenSq/items/0ea868e228a54ff73e86,4
ã„ã„ã­æ©Ÿèƒ½ã‚’Laravelã¨Vue.jsã§å®Ÿè£…â‘ ,https://qiita.com/conpass/items/8ec8ae0fdd3ad4409c74,4
React Hooks + Redux ToolKit  (+ TypeScript + axios)ã§QiitaAPIã‚’ãŸãŸãï¼ˆéåŒæœŸå‡¦ç†ï¼‰,https://qiita.com/eiji-noguchi/items/484e3b9407b1744a5467,4
ã„ã„ã­æ©Ÿèƒ½ã®å®Ÿè£…ã«ã¤ã„ã¦,https://qiita.com/tetsu1026/items/6526a33bb482600136f1,4
ã€Goã€‘Qiitaã§LGTMã•ã‚ŒãŸã‚‰ãƒ©ã‚¤ãƒ³é€šçŸ¥ã™ã‚‹ã€LINE Notifyã€‘,https://qiita.com/HiromasaNojima/items/1485857053c67941d2d4,4
Retrofit + LiveData ã®ãƒ†ã‚¹ãƒˆã‚³ãƒ¼ãƒ‰ã‚’å®Ÿè£…ã—ã¦ã¿ãŸ,https://qiita.com/hiesiea/items/48c4ea21c2fd9b2ce24a,4
APIã‚’åˆ©ç”¨ã—ã¦è‡ªåˆ†ã®æŠ•ç¨¿ã—ãŸQiitaè¨˜äº‹ã®ã‚µãƒãƒªãƒ¼ã‚’å–å¾—ã™ã‚‹,https://qiita.com/i3no29/items/15fca5ea2c796f9a9ac6,4
Laravelã§Instagramã«æŠ•ç¨¿ã•ã‚ŒãŸå†™çœŸã‚’å…¨å–å¾—ã—ã¦ã¿ãŸ,https://qiita.com/daiki44/items/9a1f3f78a76dd3dc8e1f,4
ã€Pythonã€‘jupyterã§plotlyã®ã‚¯ãƒªãƒƒã‚¯ã‚¤ãƒ™ãƒ³ãƒˆã‚’èµ·ã“ã™,https://qiita.com/_jinta/items/f64994559a8c245f096b,4
Flutterã§æ›¸ãã‚¢ãƒ—ãƒªãƒãƒ³ã‚ºã‚ªãƒ³,https://qiita.com/decoch/items/04a9032881d8fabbc97a,4
Railsã§ã„ã„ã­æ©Ÿèƒ½ã‚’éåŒæœŸã§å®Ÿè£…ã€‚js.hamlã‚’ä½¿ç”¨,https://qiita.com/kaito_program/items/c486354196e67b5d11e0,4
Qiitaã®ã‚¿ã‚°ã‚’2018/12ï½2019/3ã®è¨˜äº‹æ•°ã€ãƒ•ã‚©ãƒ­ãƒ¯ãƒ¼æ•°ã€ã„ã„ã­æ•°ã§æ¯”è¼ƒã—ã¦ã¿ãŸ,https://qiita.com/j5c8k6m8/items/ab1acf32f08d32292398,4
qiita api python,https://qiita.com/kaizen_nagoya/items/ed9117470c59f7ede416,4
ã€ã‚³ãƒ”ãƒšã§å‡ºæ¥ã‚‹ã€‘Qiitaã®é–²è¦§æ•°ãƒ»ã„ã„ã­æ•°ã€æ‰‹å‹•ã§ç¢ºèªã—ã¦ã„ã¾ã›ã‚“ã‹...ï¼Ÿ,https://qiita.com/paupau/items/1df95d927336b9c74c10,4
ã€AngularJSã€‘å˜æ•°å½¢ãƒ»è¤‡æ•°å½¢ã‚’ã„ã„æ„Ÿã˜ã«æ‰±ã†,https://qiita.com/izumin5210/items/f4e737830ed5988cb2f4,3
#PowerApps ã‚«ã‚¹ã‚¿ãƒ ã‚³ãƒã‚¯ã‚¿ã®C#ã‚«ã‚¹ã‚¿ãƒ ã‚³ãƒ¼ãƒ‰ã§éŠã‚“ã§ã¿ã‚‹,https://qiita.com/Rambosan/items/7cda28bac81da794b935,3
ã‚·ã‚§ãƒ«ã‚¹ã‚¯ãƒªãƒ—ãƒˆã®å®Ÿé¨“ã®ãŸã‚ã«ä½œã£ãŸ POSIX æº–æ‹  awk å®Ÿè£…ã® JSON ãƒ‘ãƒ¼ã‚µãƒ¼ (SAXé¢¨ã‚¹ãƒˆãƒªãƒ¼ãƒŸãƒ³ã‚°å¯¾å¿œ),https://qiita.com/ko1nksm/items/35952abf8feb3ec1eae9,3
Python Twitter APIã‚’ä½¿ã‚ãšã«ãƒ„ã‚¤ãƒ¼ãƒˆã‚’åé›† 2022å¹´æœ€æ–°ç‰ˆ,https://qiita.com/katafuchix/items/a0a8f03c0eef111350bb,3
Qiitaã®LGTMç‡ã‚’GASã¨Qiita APIã§è¨ˆç®—ã—ã¦ã¿ãŸ,https://qiita.com/mu-suke08/items/f5bad8f4a149ddc7fdc2,3
MVCã®ãƒªãƒ•ã‚¡ã‚¯ã‚¿ãƒªãƒ³ã‚°,https://qiita.com/iverson3kobe0824/items/549f47ef6f686fd63170,3
intra-mart Accel Platform IMBoxã‚¯ãƒ©ã‚¤ã‚¢ãƒ³ãƒˆ,https://qiita.com/manymanyuni/items/9944245caabbec58aa57,3
ã€Laravelãƒãƒ¥ãƒ¼ãƒˆãƒªã‚¢ãƒ«ã€‘(^o^)Tinderé¢¨ã‚¢ãƒ—ãƒªä½œæˆè¬›åº§ã®ãƒãƒ£ãƒƒãƒˆæ©Ÿèƒ½è¿½åŠ ã«æŒ‘æˆ¦ã—ã¦ã¿ãŸ,https://qiita.com/kennsukea/items/eaa576decad381c29c04,3
ãƒ©ãƒ³ã‚­ãƒ³ã‚°æ©Ÿèƒ½ã«ã•ã‚‰ã«è¿½åŠ ã—ãŸï¼,https://qiita.com/rockguitar67/items/08261e89029ecebb560e,3
Javascriptã§æ•°å€¤ã®ã‚«ã‚¦ãƒ³ãƒˆã‚¢ãƒƒãƒ—,https://qiita.com/snst-lab/items/3687439e04ebcc74eb94,3
PHP Laravel å¾©ç¿’,https://qiita.com/yusuke_mrmt/items/b2d0ddf1f62be080acbc,3
[Oracle Cloud] Data Flow ã‚’ã‚¯ã‚¤ãƒƒã‚¯ã‚¹ã‚¿ãƒ¼ãƒˆã—ã¦ã¿ãŸ ãã®1 (Java),https://qiita.com/sugimount/items/d67f8aa02f0af89299de,3
CircleCIã«ã¤ã„ã¦,https://qiita.com/yusuke_mrmt/items/eebb54c828167804ab74,3
Bootstrapã¨Javascriptã§Qiitaæ¤œç´¢ã‚¢ãƒ—ãƒªã‚’ä½œã‚‹,https://qiita.com/take-FIRST_PLAN/items/214975f5b4c3975e2385,3
ã€Azure Functionsã€‘Qiita APIã§å–å¾—ã—ãŸãƒ‡ãƒ¼ã‚¿ã‚’SQL Databaseã«ä¿å­˜ã™ã‚‹,https://qiita.com/kanazawa1226/items/74a2e4d1e2e00dcf3ea0,3
Grafanaã§Qiitaã®Viewæ•°ã‚’çœºã‚ã‚‹,https://qiita.com/poruruba/items/ae6526f902b1945e594e,3
Vue.jsã§Qiitaã®ãƒ›ãƒ¼ãƒ ç”»é¢ã£ã½ã„ã‚‚ã®ã‚’ä½œã£ã¦ã¿ã‚‹,https://qiita.com/pentla/items/231c58ffccfd0aaa76a6,3
[Rails]åŒæœŸã„ã„ã­æ©Ÿèƒ½ã‚’å®Ÿè£…ã™ã‚‹,https://qiita.com/sumiiii/items/58d0c55c9e4f98713958,3
ã‚«ãƒ†ã‚´ãƒªãƒ¼åˆ¥ã€æœ€å¤§ã„ã„ã­æ•°ã®æŠ•ç¨¿ã‚’åˆ¥é€”è¡¨ç¤º,https://qiita.com/narimiya/items/a0aef2678128048c99d1,3
ã€Rails6ã€‘RSpecã«ã‚ˆã‚‹æŠ•ç¨¿ã€åŠã³å›ç­”æ™‚ã®çµåˆãƒ†ã‚¹ãƒˆã®å®Ÿè£…,https://qiita.com/narimiya/items/45a4561349f1039a9a65,3
Qiita API ã‚µãƒ³ãƒ—ãƒ«,https://qiita.com/sy250f/items/c35aa4b1e8324c2bf21e,3
Docker Compose + Daemon(cron)ã§Python Scriptã‚’å®šæœŸå®Ÿè¡Œã™ã‚‹,https://qiita.com/nsuhara/items/8ba2595f241d97d62907,3
Elixir~è¡¨ã‚’å¤–éƒ¨APIã‹ã‚‰å‘¼ã³å‡ºã—ã€Google Chartsã§ã‚°ãƒ©ãƒ•åŒ–ï¼ãƒ‰ãƒ³ï¼~,https://qiita.com/kmizuno0211/items/90b829d77fdbab59700a,3
WebAPIè¨­è¨ˆã«ãŠã‘ã‚‹ãƒ‡ãƒ•ã‚¡ã‚¯ãƒˆã£ã¦ãªã‚ã«ï¼Ÿ,https://qiita.com/fukumasa/items/86c22ce90f2b6f36b237,3
Vue.jsã®å¿œç”¨ã«ã¤ã„ã¦-ã‚³ãƒ³ãƒãƒ¼ãƒãƒ³ãƒˆ,https://qiita.com/a-itabashi/items/39b26cfb8a104893bec9,3
Google Apps Script ã‹ã‚‰ Qiita API v2 ã‚’ä½¿ã£ã¦Googleã‚¹ãƒ—ãƒ¬ãƒƒãƒ‰ã‚·ãƒ¼ãƒˆã«æ—¥ã€…ã€Œã„ã„ã­æ•°ã€ï¼ˆLGTMæ•°ï¼‰ã¨ã€Œé–²è¦§æ•°ã€ã‚’è¨˜éŒ²ã™ã‚‹,https://qiita.com/fkooo/items/65c98d386e01456858eb,3
AWS Lambdaã‹ã‚‰Pythonã‚’å®Ÿè¡Œã—ã¦ã¿ãŸ,https://qiita.com/koob/items/3a00895b9fe15d422455,3
ã€Railsã€‘Ajaxã§ã„ã„ã­ã®æ•°ã‚’è¡¨ç¤ºã™ã‚‹æ–¹æ³•,https://qiita.com/suzu12/items/ef9ffa4cf62df2bc6dee,3
ã€SwiftUIã€‘Likeãƒœã‚¿ãƒ³ã‚¿ãƒƒãƒ—æ™‚ã®Likeæ•°å¢—æ¸›ã¨Firebaseã®æ›´æ–°æ©Ÿèƒ½ã®å®Ÿè£…,https://qiita.com/m37335/items/85d2f5d1064e5869b379,3
ã€DataRobotã€‘å†¬ã¨ã„ãˆã°YouTube?? DataRobotã‚’ä½¿ã£ã¦YouTubeè¦–è´è€…æ•°ã‚’äºˆæ¸¬ã—ã¦Latesubã—ã¦ã¿ãŸ,https://qiita.com/Never_/items/fcdb0fa25be5de4e4980,3
ã€Kotlinã€‘MVVM + RxJava + Retrofitã§Qiitaã®è¨˜äº‹ã‚’å–å¾—ã™ã‚‹ã‚¢ãƒ—ãƒªã‚’ä½œæˆã—ã¦ã¿ãŸ,https://qiita.com/ike04/items/bc87e33f1fdf36bad0a1,3
ã€Pythonã€‘QiitaæŠ•ç¨¿è¨˜äº‹ã®ç·é–²è¦§æ•°ã‚’APIä½¿ã£ã¦è‡ªå‹•é›†è¨ˆ,https://qiita.com/OKsaiyowa/items/8df4b7595f0041dfc695,3
AWSã®Athenaã§S3ã®ãƒ•ã‚¡ã‚¤ãƒ«ã‚’åˆ†æã—ã‚ˆã†ã¨ã—ãŸã‚‰ãƒˆãƒ©ãƒ–ã£ãŸè©±,https://qiita.com/si1242/items/567e8d9409b1cb0dde41,3
Hubot ã§ã­ã“ Vine ã‚’æ‹¾ã£ã¦ãã¦ãƒãƒ¼ãƒ ã«ç™’ã—ã‚’ã‚‚ãŸã‚‰ã™,https://qiita.com/noir_neo/items/fe13d578b866894d410c,3
æ©Ÿæ¢°å­¦ç¿’å‘ã‘ã®ãƒ‡ãƒ¼ã‚¿å‰å‡¦ç†ã§ãƒ‡ãƒ¼ã‚¿åˆ†å‰²ã‚’ã™ã‚‹ã«ã¯ã©ã†ã™ã‚Œã°è‰¯ã„ã‹,https://qiita.com/kichinosukey/items/0643b05a725f5d908030,3
Qiita ãƒãƒƒã‚¯ with Python#1,https://qiita.com/41semicolon/items/d8fd99b1854f3b8e6bd6,3
Qiitaã¯æ—¥æœ¬æœ€å¤§ã®ãƒ—ãƒ­ã‚°ãƒ©ãƒŸãƒ³ã‚°å­¦ç¿’ãƒ—ãƒ©ãƒƒãƒˆãƒ•ã‚©ãƒ¼ãƒ ,https://qiita.com/hiroki_mzukami/items/3054ae553f48f94308e2,3
éåŒæœŸã§ã„ã„ã­(å‚™å¿˜éŒ²),https://qiita.com/Fu990628/items/a6fffea6e5fedfffb4e3,3
Laravelã¨Vue.jsã§ã€Œã„ã„ã­ã€æ©Ÿèƒ½ã‚’ä½œã‚‹,https://qiita.com/chakiryou/items/0ab9936a856072b92314,3
Rails éåŒæœŸã„ã„ã­ã€€ã‚¨ãƒ©ãƒ¼è§£æ±ºé›†,https://qiita.com/yuuki-h/items/7a7e5b6607a0b93c093c,3
ã€GASã€‘Qiita APIã‹ã‚‰è‡ªåˆ†ã®æ°—ã«ãªã‚‹åˆ†é‡ã®æ–°ã—ã„è¨˜äº‹ã‚’å–å¾—ã—ã¦Slackã«é€šçŸ¥ã•ã›ã‚‹,https://qiita.com/draw_5050/items/0309828f4e097fa1b263,2
[Rails]ãƒ©ãƒ³ã‚­ãƒ³ã‚°æ©Ÿèƒ½ã€åŒç‡é †ä½ã‚‚è€ƒæ…®ã«å…¥ã‚Œã€é †ä½ã”ã¨ã«è‰²åˆ†ã‘ã™ã‚‹,https://qiita.com/shinst12066713/items/5fe116c55d90fa22d987,2
ã€Railsã€‘ç·è¨ˆã„ã„ã­æ•°è¡¨ç¤ºã®å®Ÿè£…,https://qiita.com/ryo___eng/items/ee4e2427e88887ef3ec0,2
[Rails]ãƒ©ãƒ³ã‚­ãƒ³ã‚°æ©Ÿèƒ½ã®é †ä½ã‚’åŒç‡è¡¨ç¤ºã™ã‚‹,https://qiita.com/nakachan1994/items/9ecf25fe1835415d9ae2,2
rails twitteré¢¨ã‚¢ãƒ—ãƒªã§ã€Œã„ã„ã­ã€æ©Ÿèƒ½ã‚’è¿½åŠ ,https://qiita.com/baskenshiro/items/36f31d7ad33679ffdc40,2
webã‚µãƒ¼ãƒ“ã‚¹ç³»ã®jsonã®ãƒ¬ã‚¹ãƒãƒ³ã‚¹,https://qiita.com/elmar_leitz/items/3594b6870e45d1bb19a3,2
Google App Scriptã‚’ã‚µã‚¯ãƒƒã¨ä½¿ã£ã¦ã¿ãŸã„æ–¹å‘ã‘ï¼ã‚¹ãƒ—ãƒ¬ãƒƒãƒ‰ã‚·ãƒ¼ãƒˆã«Qiitaè¨˜äº‹ä¸€è¦§ã‚’å–å¾—ã™ã‚‹ã‚¢ãƒ—ãƒªã®ä½œã‚Šæ–¹ã¾ã¨ã‚,https://qiita.com/hashimoto-1202/items/28123996d0658ec3836b,2
ã‚¹ãƒãƒ›ç‰ˆQiitaã§æ–°è¦è¨˜äº‹ã‚’ä½œæˆã™ã‚‹ãƒœã‚¿ãƒ³ãŒåˆ†ã‹ã‚‰ãªã‹ã£ãŸã®ã§QiitaAPIã‚’ä½¿ã£ã¦ã©ã†ã«ã‹ã™ã‚‹ãƒ†ã‚¹ãƒˆ,https://qiita.com/Kynako/items/105a71984e2db9849955,2
ã€Swiftã€‘Swifterã«å­¦ã¶ Swiftã®JSONãƒãƒ³ãƒ‰ãƒªãƒ³ã‚°,https://qiita.com/Enchan/items/50de231cf4494476ca15,2
ï¼»Androidï¼½Epoxy ã¨ Paging ã‚’çµ„ã¿åˆã‚ã›ãŸã‚µãƒ³ãƒ—ãƒ«ã¨è§£èª¬,https://qiita.com/kaleidot725/items/b3aed5f5a4e78fe382d1,2
Ruby on Rails APIãƒ¢ãƒ¼ãƒ‰ã§ã„ã„ã­æ©Ÿèƒ½ã‚’å®Ÿè£…ã™ã‚‹ã€åˆå­¦è€…ã®ReactÃ—Railsã‚¢ãƒ—ãƒªé–‹ç™º ç¬¬6å›ã€‘,https://qiita.com/dl10yr/items/848de567dac4a4e9cf0f,2
Qiita APIã‚’å…¬å¼ãƒ‰ã‚­ãƒ¥ãƒ¡ãƒ³ãƒˆã ã‘è¦‹ã¦ä½œã£ã¦ã¿ãŸ,https://qiita.com/r_ishimori/items/def8a8636d6ac14b0f26,2
Vega ~å®Ÿéš›ã®ãƒ‡ãƒ¼ã‚¿ã§éŠã‚“ã§ã¿ã‚‹~,https://qiita.com/ihgs/items/659be86981fe4b0d3025,2
Laravel5.8 ã‚µãƒ–ã‚¯ã‚¨ãƒªãƒ¼(leftJoinSub),https://qiita.com/you03/items/37e80e4f135b2849fe38,2
Rechartsã‚’ä½¿ã£ã¦å††ã‚°ãƒ©ãƒ•ã‚’è¡¨ç¤ºã•ã›ã‚‹ãƒã‚¹ãƒˆè©³ç´°ç”»é¢ã®å®Ÿè£…ã€åˆå­¦è€…ã®ReactÃ—Railsã‚¢ãƒ—ãƒªé–‹ç™º ç¬¬11å›ã€‘,https://qiita.com/dl10yr/items/b7996117d6163ac7408d,2
æŠ•ç¨¿ã«å¯¾ã—ã¦ã„ã„ã­æ©Ÿèƒ½ã‚’å®Ÿè£…ã™ã‚‹,https://qiita.com/keiya_man/items/69f6fc49e9943592377a,2
Dè¨€èªã§Qiita API,https://qiita.com/devmynote/items/ad990a30319d02465820,2
ãŠæ°—ã«å…¥ã‚Šç™»éŒ²ã—ãŸè¨˜äº‹ã‚’é–²è¦§ã§ãã‚‹ç”»é¢ã®å®Ÿè£…,https://qiita.com/masa-321/items/9288d6a1447482390c53,2
ãƒ‡ãƒ¼ã‚¿ã®fetchingã«ãŠã‘ã‚‹Realtime Databaseã¨Cloud Firestoreã®æ¯”è¼ƒ,https://qiita.com/masa-321/items/78d116ae22730f892c80,2
[Python] Qiita APIã‚’ä½¿ã£ã¦æŠ•ç¨¿ä¸€è¦§ã‚’å–å¾—ã™ã‚‹ + 2018å¹´ã®æŒ¯ã‚Šè¿”ã‚Š,https://qiita.com/riekure/items/8e3806770e9554c6a0f7,2
Qiita API ã§å…¬é–‹æƒ…å ±ã®è¨˜äº‹ä¸€è¦§ã‚’å–å¾—ã™ã‚‹ã€ã‚¢ã‚¯ã‚»ã‚¹ãƒˆãƒ¼ã‚¯ãƒ³ãªã©ã®èªè¨¼å¿…è¦ãªã—ã®ã‚¹ã‚¯ãƒªãƒ—ãƒˆä¾‹ ,https://qiita.com/YumaInaura/items/8004559925f40059abce,2
DeFi ã®ç¨è¨ˆç®—ã®ãŸã‚ã®ã‚³ã‚¤ãƒ³ã® historical price å–å¾—ã®ãƒ¡ãƒ¢,https://qiita.com/syoyo/items/c75bad1d98981ae6fa21,2
ã¤ã¶ã‚„ãã‚¢ãƒ—ãƒªã‚’ä½œã£ã¦ã¿ã‚ˆã†13,https://qiita.com/masakichi_eng/items/a07579fc143b2d8f692c,2
Qiita APIã§è¨˜äº‹ã®LGTMæ•°ã¨ã€Viewæ•°ã‚’ç¿’å¾—ã™ã‚‹,https://qiita.com/seigot/items/14f507115256dfbf2784,2
ã€Qiitaãƒãƒ¼ãƒˆãƒ•ã‚©ãƒªã‚ªã€‘@j5c8k6m8ã®æ´»å‹•ã€2021/8 æ›´æ–°åœæ­¢ã€‘,https://qiita.com/j5c8k6m8/items/45dc28d8204827d1212b,2
Instagramã®ã‚¢ã‚«ã‚¦ãƒ³ãƒˆã‹ã‚‰ãƒ—ãƒ­ãƒ•ã‚¡ã‚¤ãƒ«ã‚’å–å¾—ã™ã‚‹,https://qiita.com/Yu2yasui/items/ee04b10961f65384c6ca,2
#8 Rails Ã— Vue.jsã§å‹•çš„ãªãƒšãƒ¼ã‚¸ã‚’SPAåŒ–ã•ã›ã‚‹(ã„ã„ã­æ©Ÿèƒ½),https://qiita.com/soo_chan11/items/4124dd8c4149a0fc7be7,2
ã€å®Œå…¨ç‰ˆ?ã€‘Railsã¨Vue.jsã‚’ç”¨ã„ã¦å‹•çš„ãªãƒšãƒ¼ã‚¸ã‚’éƒ¨åˆ†SPAåŒ–(ç”»åƒã‚‚jsonå½¢å¼ã§ã‚„ã‚Šå–ã‚Š),https://qiita.com/soo_chan11/items/e5293a7b35f2828af87d,2
ã‚„ã‚„ã“ã—ã„ã€é›£ã—ã„N+1å•é¡Œã‚’è§£æ±ºã™ã‚‹,https://qiita.com/soo_chan11/items/6d9efb988be58252b20a,2
Rails Ã— Vue.jsã§ã„ã„ã­æ©Ÿèƒ½ã‚’å®Ÿè£…,https://qiita.com/soo_chan11/items/a27068901cb37623cb10,2
å°ãƒã‚¿ï¼šãƒ‰ã‚·ãƒ­ã‚¦ãƒˆãŒGASã§æ˜”ã®Qiitaã®ã€Œã™ã¹ã¦ã®æŠ•ç¨¿ã€ã‚¿ãƒ–ã‚’ãƒãƒã—ã¦ã¿ãŸ,https://qiita.com/basictomonokai/items/637741b1b2ce7100b7e8,2
rewhereã«ã‚ˆã‚‹whereæ¡ä»¶ã®ä¸Šæ›¸ãï¼ˆRailsã‚¬ã‚¤ãƒ‰å†™çµŒï¼‰,https://qiita.com/jun68ykt/items/0d44d47ddae7afbfff3f,2
Qiitaã®è¨˜äº‹ã§ãƒ•ã‚©ãƒ­ã‚¤ãƒ¼ã®ã„ã„ã­ã‚’è¡¨ç¤ºã™ã‚‹ãƒ¦ãƒ¼ã‚¶ãƒ¼ã‚¹ã‚¯ãƒªãƒ—ãƒˆ,https://qiita.com/khsk/items/4ac21bd483b9b2be653a,2
Node.js(axios)ã‹ã‚‰Qiita APIã‚’åˆ©ç”¨ã—ã¦æŒ‡å®šã—ãŸãƒ¦ãƒ¼ã‚¶ãƒ¼ã®è¨˜äº‹ã‚’å–å¾—ã™ã‚‹ãƒ¡ãƒ¢,https://qiita.com/n0bisuke/items/40d0c7831d22c4f1868b,2
æ¤œç´¢ã‚·ã‚¹ãƒ†ãƒ ã®ä½œã‚Šæ–¹,https://qiita.com/toru1055/items/922f69a3cc06cdf86c18,2
Python ã§ Qiitaã®æŠ•ç¨¿è¨˜äº‹ã«å¯¾ã™ã‚‹Viewæ•°ã‚’å–å¾—ã—ã¦ã¿ã¾ã—ãŸ ãƒ¼ æ”¹è¨‚ç‰ˆï¼ˆOver100ï¼‰,https://qiita.com/turupon/items/f41974b198f60acff9a2,2
ä¾¿åˆ©ãƒšãƒ¼ã‚¸ï¼šè‡ªåˆ†ã®Qiitaè¨˜äº‹ã‚’ä¸€è¦§è¡¨ç¤º,https://qiita.com/poruruba/items/f68455b2d937d2f052f4,2
ã€Qiita APIã€‘Next.js ã§ã‚¦ã‚§ãƒ–ã‚µã‚¤ãƒˆã« Qiita ã®æœ€æ–°è¨˜äº‹ã‚’è¡¨ç¤ºã—ã¦ã¿ã‚ˆã†ã€ISRã€‘,https://qiita.com/ganja_tuber/items/0fe614ee469b4124a43d,2
Elasticsearch.net ã‚’ä½¿ã†,https://qiita.com/dimanche/items/b476d3a81503347f6530,2
Qiita APIã‚’ä½¿ã£ã¦ã‚ã‚‹æœŸé–“ã®è¨˜äº‹æƒ…å ±ã‚’å–å¾—ã—ãŸè©±,https://qiita.com/UmiTak/items/9bef7b43d9005827fa7d,2
ã€Railsã€‘ã„ã„ã­é †ãƒ»æŠ•ç¨¿æ•°é †ãªã©ã€€â—¯â—¯é †ã®è€ƒãˆæ–¹ãƒ»æ–¹æ³•,https://qiita.com/ysdiary/items/7c91ca5a3e71311d8fc3,2
Facebookã®ã‚¿ã‚¤ãƒ ãƒ©ã‚¤ãƒ³ã®æƒ…å ±ã‚’èª­ã¿è¾¼ã‚“ã§ãƒšãƒ¼ã‚¸ã«è¡¨ç¤ºã•ã›ã‚‹ã€‚ã•ã‚‰ã«ã‚¯ãƒªãƒƒã‚¯ã§POPUPã•ã›ã‚‹æ–¹æ³•@JIMDO,https://qiita.com/norizou4/items/7bd27d408b3f066b856d,2
Qiitaã®APIã§ã„ã„ã­ã—ãŸæŠ•ç¨¿ä¸€è¦§ã‚’å–å¾—,https://qiita.com/Seiri/items/46420293f45347831509,2
éåŒæœŸé€šä¿¡ã§ã„ã„ã­æ©Ÿèƒ½å®Ÿè£…,https://qiita.com/Bjp8kHYYPFq8MrI/items/9ec2401038a9813a0897,2
ã€Djangoã€‘éåŒæœŸé€šä¿¡ã§ã‚¤ã‚¤ã­æ©Ÿèƒ½ã‚’å®Ÿè£…ã—ã¦ã¿ãŸ ,https://qiita.com/ponponmaru1012/items/c3e3a981c343d06f46ed,1
ã€Google Cloudã€‘Cloud Functionsã‚’ä½¿ã£ã¦Qiitaã®äººæ°—è¨˜äº‹ã‚’é…ä¿¡ã™ã‚‹LINE Botã‚’ä½œæˆã—ã¦ã¿ãŸ,https://qiita.com/nanndot/items/65cbe22e8124410753d2,1
ã€GASç·¨ã€‘QiitaAPIã§æŠ•ç¨¿è¨˜äº‹ã”ã¨ã®viewsæ•°ã€LGTMæ•°ã€ã‚¹ãƒˆãƒƒã‚¯æ•°ã€ã‚³ãƒ¡ãƒ³ãƒˆæ•°ã‚’å–å¾—ã—ä¸€è¦§ã§è¡¨ç¤º,https://qiita.com/Pell/items/ee30815ae1a9ecc5ba74,1
ã„ã„ã­ãƒœã‚¿ãƒ³ã®AjaxãŒæ©Ÿèƒ½ã—ã¾ã›ã‚“ã€‚ãƒªãƒ­ãƒ¼ãƒ‰ã‚’ã—ãªã‘ã‚Œã°åå¿œã—ã¾ã›ã‚“ã€‚,https://qiita.com/masatom86650860/items/f6fc68ed9748752dbfc4,1
è¤‡æ•°ãƒã‚§ãƒƒã‚¯ãƒœãƒƒã‚¯ã‚¹ä»˜ãæŠ•ç¨¿ãƒ»ä¸€è¦§è¡¨ç¤ºãƒ»æ¤œç´¢æ©Ÿèƒ½ã€RubyOnRailsã€‘,https://qiita.com/yugo1313/items/c07411dd29d2631e7942,1
Qiita ã«æŠ•ç¨¿ã—ãŸè¨˜äº‹ã® VIEWæ•° ã€ã„ã„ã­ã®æ•° ã€ã‚¹ãƒˆãƒƒã‚¯ã•ã‚ŒãŸæ•° ã‚’ CSV ã«å‡ºåŠ›ã™ã‚‹æ–¹æ³•ï¼ˆã€ŒPython + Qiita API v2ã€ã§ä½œæˆï¼‰ï¼ˆ100ä»¶ä»¥ä¸Šï¼‰,https://qiita.com/yasushi-jp/items/7ed95f83f5a64d4d03ec,1
ã‚¼ãƒ­ã‹ã‚‰å§‹ã‚ã‚‹codewars kataã€€ lambdaã‚’ä½¿ã£ã¦é–¢æ•°ã‚’æˆ»ã‚Šå€¤ã«ï¼Ÿï¼,https://qiita.com/XM03/items/254d60081a3c04660dd7,1
pythonã§å¥½ããªãƒ¦ãƒ¼ã‚¶ãƒ¼ã®ãƒ„ã‚¤ãƒ¼ãƒˆæƒ…å ±ã‚’ã‚°ãƒ©ãƒ•ã«æç”»,https://qiita.com/Tokyo/items/42e9d1fea7d7e0cc6d26,1
ajaxã‚’ç”¨ã„ã¦ã€ã‚¤ã‚¤ã­ã‚’æŠ¼ã—ãŸæ®µéšã§ã®ãƒªã‚¢ãƒ«ã‚¿ã‚¤ãƒ ãªã‚¤ã‚¤ã­ã®æ•°ã‚’è¡¨ç¤ºã™ã‚‹ã€‚,https://qiita.com/shobobon/items/fff6c7f6f794a12e565e,1
[Rails]ãƒ‘ãƒ¼ã‚·ãƒ£ãƒ«å†…ãƒ‘ãƒ¼ã‚·ãƒ£ãƒ«ã®renderç¹°ã‚Šè¿”ã—ã‚’é˜²ãã«ã¯,https://qiita.com/Naoya225/items/c4d282ce6c526e1ef798,1
Rails ã‚³ãƒ¡ãƒ³ãƒˆæ©Ÿèƒ½,https://qiita.com/W2020T/items/8a3cddffda427591fa62,1
RythmãŒãŠäº¡ããªã‚Šã«ãªã£ãŸã®ã§discord.jsã§éŸ³æ¥½å†ç”ŸBOTã‚’è‡ªä½œã—ã¦ã¿ãŸ,https://qiita.com/_yussy_/items/d2d809a2da82c5389966,1
Qiitaã®è¨˜äº‹ã‚’ãƒãƒƒã‚¯ã‚¢ãƒƒãƒ—ã™ã‚‹ï¼ˆPythonï¼‰,https://qiita.com/TaaaZyyy/items/cc5c70e1ecfdf6d0d067,1
ã€JavaScriptåˆå¿ƒè€…ã€‘QiitaAPIã§æŠ•ç¨¿è¨˜äº‹ã”ã¨ã®viewsæ•°ã€LGTMæ•°ã€ã‚¹ãƒˆãƒƒã‚¯æ•°ã€ã‚³ãƒ¡ãƒ³ãƒˆæ•°ã‚’å–å¾—ã—ä¸€è¦§ã§è¡¨ç¤º,https://qiita.com/Pell/items/82cdc7ad199f32d964b7,1
ActiveRecordãƒ¡ãƒ¢,https://qiita.com/d0ne1s/items/50004f4fb4de72784ece,1
[æ¤œè¨¼]levelDBã¯ãƒ‡ãƒ¼ã‚¿é‡ãŒå¢—ãˆã‚‹ã¨ãƒ‡ãƒ¼ã‚¿ç™»éŒ²ã«æ™‚é–“ãŒã‹ã‹ã‚‹ï¼Ÿï¼Ÿ,https://qiita.com/bc_yuuuuuki/items/9f00ed3a27b843cbaa3d,1
[Python]Qiitaã®è¨˜äº‹æƒ…å ±ã‚’mongoDBã«çªã£è¾¼ã‚“ã ,https://qiita.com/bc_yuuuuuki/items/3b89a4b4ac26a43eb20a,1
Slackã«Qiitaã®ãƒ‡ã‚¤ãƒªãƒ¼ãƒ©ãƒ³ã‚­ãƒ³ã‚°ã£ã½ã„ã‚‚ã®ã‚’æŠ•ç¨¿ã™ã‚‹ã‚„ã¤,https://qiita.com/umaniel_/items/5448203a8a73a8d64ee7,1
ã€QiitaAPIã€‘è‡ªåˆ†ä»¥å¤–ã®ãƒ¦ãƒ¼ã‚¶ãƒ¼ã®è¨˜äº‹ã®PVæ•°(page_views_count)ãŒå–å¾—å‡ºæ¥ãªã„,https://qiita.com/mah666hhh/items/8013c2812229eda28447,1
Qiita ã«æŠ•ç¨¿ã—ãŸè¨˜äº‹ã® VIEWæ•° ã€ã„ã„ã­ã®æ•° ã€ã‚¹ãƒˆãƒƒã‚¯ã•ã‚ŒãŸæ•° ã‚’ CSV ã«å‡ºåŠ›ã™ã‚‹æ–¹æ³•ï¼ˆã€ŒPython + Qiita API v2ã€ã§ä½œæˆï¼‰,https://qiita.com/yasushi-jp/items/5f10d5dcf21af07085a4,1
ã€Androidã€‘MVPã§Qiitaã‚¢ãƒ—ãƒªã‚’ä½œã£ã¦ã¿ã‚‹ãƒ»ãã—ã¦ãƒã‚¨ãƒ ,https://qiita.com/wytk/items/96842fbea1c8093306c5,1
Doc2Vecã§æ–‡æ›¸ã®Embeddingã‚’å­¦ç¿’ãƒ»ç²å¾—,https://qiita.com/y-s-y-s/items/8bb983877877bea76b6f,1
RSpecã«ã‚ˆã‚‹TDDã§RailsAPIã‚’å®Ÿè£…ã—ã¦ã¿ãŸã€‚part2 -userèªè¨¼-,https://qiita.com/yoshi_4/items/963bd1f5397caf8d7d67,1
Vueåˆå¿ƒè€…ãŒQiita APIã‚’ä½¿ã£ã¦ã¿ãŸ,https://qiita.com/tatsuya_1995/items/96cd8924bc8681acf59f,1
Python ã§ Qiitaã®æŠ•ç¨¿è¨˜äº‹ã«å¯¾ã™ã‚‹Viewæ•°ã‚’å–å¾—ã—ã¦ã¿ã¾ã—ãŸ,https://qiita.com/turupon/items/99f501a86d911f9304bb,1
#3 Railsã¨Vue.jsã§ãƒ¢ãƒ¼ãƒ€ãƒ«ã‚¦ã‚£ãƒ³ãƒ‰ã‚¦ã‚’å®Ÿè£…,https://qiita.com/soo_chan11/items/20b96b5f5faa80fceba9,1
Twitter cloneã®æŠ•ç¨¿ã«é–¢ã™ã‚‹ãƒ†ãƒ¼ãƒ–ãƒ«è¨­è¨ˆ,https://qiita.com/ka25012/items/6438b2b6f74ebb9f7307,1
#6 Rails Ã— Vue.jsã§å‹•çš„ãªãƒšãƒ¼ã‚¸ã‚’SPAåŒ–ã•ã›ã‚‹ã€ã„ã„ã­æ©Ÿèƒ½ã€‘,https://qiita.com/soo_chan11/items/9cf3fe9415d564ce2253,1
MySQLåŸºæœ¬,https://qiita.com/exsrx97/items/dff7af12d632bab2423f,1
railsã®ã‚­ãƒ›ãƒ³vol.10ï¼ˆã„ã„ã­!ãƒœã‚¿ãƒ³ï¼‰,https://qiita.com/jonnyjonnyj1397/items/e0266dadbd63d9bdec10,1
ã€MySQLã€‘å°‘ã—è¸ã¿è¾¼ã‚“ã MySQLã®åŸºæœ¬çš„ãªæ–‡æ³•,https://qiita.com/onishi_820/items/b990f0180e696eb3d40f,1
åˆå¿ƒè€…ã®App Engine | Qiitaã®LGTMã‚’é›†è¨ˆ + APIåŒ–,https://qiita.com/sasayabaku/items/c336ad89c37782e3e7d5,1
ã„ã„ã­æ©Ÿèƒ½ã‚’åˆ©ç”¨ã—ãŸãƒ¦ãƒ¼ã‚¶ãƒ¼è©•ä¾¡,https://qiita.com/weeksmtwtfs737/items/3b59dddc01cd961210fa,1
railsãŠæ°—ã«å…¥ã‚Šæ©Ÿèƒ½ã€€ä¸€ä¾‹,https://qiita.com/ryouichi0303/items/aa3a454574ca29b19af6,1
[Python]åŸºæœ¬æ–‡æ³•ã‚’å€‹äººçš„ã«ã¾ã¨ã‚ãŸã€‚,https://qiita.com/rilakkumatcha/items/9e0a0e6bcc3ec96eb8ce,1
#7 ã„ã„ã­æ©Ÿèƒ½ã®å®Ÿè£… ~laravelÃ—AWSã§æ²ç¤ºæ¿ã‚’ä½œã‚ã†~,https://qiita.com/surasurag/items/0141d48d2869bd1bd913,1
[JavaScript] åŸºæœ¬æ–‡æ³•ã‚’å€‹äººçš„ã«ã¾ã¨ã‚ãŸã€‚,https://qiita.com/rilakkumatcha/items/e3e910e4d488503c5ea9,1
ã€React + TypeScriptã€‘éåŒæœŸé€šä¿¡ã§ã®å‹ã®å–ã‚Šæ–¹ã‚’ä¸–ç•Œä¸€ã‚·ãƒ³ãƒ—ãƒ«ã«ä¼ãˆã‚‹,https://qiita.com/fe_js_engineer/items/b687431a7c0cfafcfc23,1
"NCMBãƒ‡ãƒ¼ã‚¿ã‚¹ãƒˆã‚¢ã‹ã‚‰ã®ãƒ‡ãƒ¼ã‚¿å–å¾—,é©åˆ‡ãªãƒ¢ãƒ‡ãƒ«ã¸ã®æ ¼ç´",https://qiita.com/sumahokattakuma/items/f61591bd38425f4a3ec0,1
qiita apiã«æŠ•ã’ã‚‹ï¼Œapiã®ãƒ‡ãƒãƒƒã‚°(post to Qiita api v2),https://qiita.com/daddygongon/items/a040be4fe15c0c0b525f,1
Laravelã‚³ãƒ¼ãƒ‰ã‚’è¦‹ç›´ã™,https://qiita.com/khoinv/items/9ff9b2fabf5f8c5f54fc,1
Railsã§ã®ãƒã‚¤ã‚°ãƒ¬ãƒ¼ã‚·ãƒ§ãƒ³ã‚¨ãƒ©ãƒ¼ã‚’è§£æ±ºã—ãŸï¼‘ã¤ã®äº‹ä¾‹,https://qiita.com/Hayato_prolife/items/1b85a5945846c8d7db32,1
ã€Rails6ã€‘æ¤œç´¢æ©Ÿèƒ½ã®å®Ÿè£…,https://qiita.com/da1002/items/5ff51c6030180ac5aa61,1
MySQLã§ã®SQLã‚³ãƒ¼ãƒ‰ã®ã¾ã¨ã‚,https://qiita.com/y_h_tomo/items/44a932ba9a6b2dcce1e6,1
Qiitaãƒã‚¤ãƒšãƒ¼ã‚¸ã‹ã‚‰LGTM / View / ã‚¹ãƒˆãƒƒã‚¯æ•°ã®ä¸€è¦§ã‚’ç¢ºèªã§ãã‚‹ã‚ˆã†ã«ã—ã¦ã¿ãŸ,https://qiita.com/koob/items/20881aa910eaa2cad3a9,1
ã‚·ãƒ£ãƒ‹ãƒã‚¹ã®ã‚¬ã‚·ãƒ£ãƒ»ã‚¤ãƒ™ãƒ³ãƒˆãƒ­ã‚´ã‚’åé›†ã—ãŸã„ï¼,https://qiita.com/arrow2nd/items/ca79752c613234b2a636,1
(8 æŠ•ç¨¿è¨˜å¿µ) Qiita ã«æŠ•ç¨¿ã—ãŸè¨˜äº‹ã®æŒ¯ã‚Šè¿”ã‚Š (2018/04/14 ç‰ˆ),https://qiita.com/kojiro-s/items/de071916fa0278adaf96,1
paiza.ioã§elixir ãã®58,https://qiita.com/ohisama@github/items/5ae90f17da742be49074,1
Flutterã§Qiitaã®ã‚¢ãƒ—ãƒªã‚’ä½œã£ã¦ã¿ã‚‹ ãã®3,https://qiita.com/t0yger/items/2d65ad3bd66154fd2883,1
Doctrineã¨Eloquentæ¯”è¼ƒå¤§å…¨18: 1ã¤ã®ãƒ†ãƒ¼ãƒ–ãƒ«ã«è¤‡æ•°ã®ç¨®é¡ã®ãƒ‡ãƒ¼ã‚¿ã‚’ã‚‚ãŸã›ã‚‹,https://qiita.com/77web@github/items/5eabf531d8f6f292ba5d,1
